gameId,week,date,homeTeam,awayTeam,neutral,completed,home_margin,source,p_home,home_won
401856766,1,2026-08-29,TCU,North Carolina,True,True,8.763342475387619,before kickoff,0.7383240742668057,False
401858201,1,2026-08-29,Stanford,Hawai'i,False,True,6.694893795551898,before kickoff,0.6883557354110512,True
401858202,1,2026-08-29,Virginia,NC State,False,True,1.9074485431192716,before kickoff,0.5562053984586247,True
401862693,1,2026-08-29,UNLV,Memphis,False,True,4.932784642452846,before kickoff,0.6419575780356215,False
401864494,1,2026-08-29,USC,San José State,False,True,26.351786437481163,before kickoff,0.9576753121866974,True
401864570,1,2026-08-29,Florida State,New Mexico State,False,True,21.651889880579613,before kickoff,0.9284309555862532,True
401864577,1,2026-08-29,North Dakota State,Jacksonville State,False,True,-0.8994399832239055,before kickoff,0.47340948002017486,True
401866408,1,2026-08-29,Eastern Michigan,Sacramento State,False,True,-0.42228481908679333,before kickoff,0.4875066291140118,True
401856776,1,2026-09-03,Georgia Tech,Colorado,False,True,9.308978044916694,before kickoff,0.7506085226869685,False
401858204,1,2026-09-03,Wake Forest,Akron,False,True,18.054693679092008,before kickoff,0.8944524342185365,True
401858423,1,2026-09-03,Rutgers,Massachusetts,False,True,24.679571227159915,before kickoff,0.948884820723232,False
401858424,1,2026-09-03,Illinois,UAB,False,True,19.522677548062422,before kickoff,0.9097682411619423,True
401856664,1,2026-09-04,Oklahoma,UTEP,False,True,26.42813752799398,before kickoff,0.958040113431196,True
401858206,1,2026-09-04,Stanford,Miami,False,True,-14.667806899627886,before kickoff,0.14980134327114977,False
401858429,1,2026-09-04,Michigan State,Toledo,False,True,8.600565591880962,before kickoff,0.7345845755424437,True
401858436,1,2026-09-04,USC,Fresno State,False,True,22.363505669836638,before kickoff,0.9338298024666947,True
401864495,1,2026-09-04,Eastern Michigan,San José State,False,True,8.69286679789683,before kickoff,0.7367092087387637,False
401856634,1,2026-09-05,Alabama,East Carolina,False,True,23.06318038891219,before kickoff,0.9387670120751522,True
401856636,1,2026-09-05,Auburn,Baylor,True,True,4.346086422737934,before kickoff,0.6258434602617116,True
401856637,1,2026-09-05,Florida,Florida Atlantic,False,True,18.688840982081285,before kickoff,0.9013318298669358,True
401856660,1,2026-09-05,LSU,Clemson,False,True,6.208218630668515,before kickoff,0.6758660236484186,True
401856662,1,2026-09-05,Mississippi State,UL Monroe,False,True,21.114072223115087,before kickoff,0.9240839224501488,True
401856665,1,2026-09-05,South Carolina,Kent State,False,True,22.876360380924204,before kickoff,0.937483477267726,True
401856667,1,2026-09-05,Texas,Texas State,False,True,22.938650881912768,before kickoff,0.9379142064163627,True
401856668,1,2026-09-05,Texas A&M,Missouri State,False,True,26.84268691355525,before kickoff,0.9599688851342155,True
401856772,1,2026-09-05,Tulsa,Oklahoma State,False,True,-0.6744483985204357,before kickoff,0.48005276354231236,True
401856777,1,2026-09-05,Cincinnati,Boston College,False,True,5.157409129552754,before kickoff,0.6480453854216135,True
401856778,1,2026-09-05,Houston,Oregon State,False,True,23.04186839128106,before kickoff,0.938621843464383,True
401856780,1,2026-09-05,West Virginia,Coastal Carolina,False,True,11.704014683766118,before kickoff,0.7998488137864607,True
401858207,1,2026-09-05,Pittsburgh,Miami (OH),False,True,20.07896767644202,before kickoff,0.9150296347098184,True
401858209,1,2026-09-05,Duke,Tulane,False,True,5.352587444713352,before kickoff,0.6532964350784074,True
401858210,1,2026-09-05,California,UCLA,False,True,-0.19540138247178443,before kickoff,0.4942180698210316,False
401858425,1,2026-09-05,Indiana,North Texas,False,True,23.77004938753622,before kickoff,0.9434036665296139,True
401858426,1,2026-09-05,Iowa,Northern Illinois,False,True,23.28705447203882,before kickoff,0.9402726695446365,True
401858428,1,2026-09-05,Michigan,Western Michigan,False,True,19.93221794432198,before kickoff,0.9136693314559365,True
401858430,1,2026-09-05,Nebraska,Ohio,False,True,12.64294770044699,before kickoff,0.817049916700753,True
401858432,1,2026-09-05,Ohio State,Ball State,False,True,28.115789531050606,before kickoff,0.9653748133189195,True
401858433,1,2026-09-05,Oregon,Boise State,False,True,25.830566423383793,before kickoff,0.9551028134385944,True
401858434,1,2026-09-05,Penn State,Marshall,False,True,19.304589803038944,before kickoff,0.9076266331563699,True
401860878,1,2026-09-05,Colorado State,Wyoming,False,True,2.930097653096141,before kickoff,0.5858467141296172,True
401862695,1,2026-09-05,Memphis,Arkansas State,False,True,4.795205545207715,before kickoff,0.6382060055330357,True
401862699,1,2026-09-05,South Florida,Florida International,False,True,10.977781970194933,before kickoff,0.7857321231010927,True
401864432,1,2026-09-05,Nevada,Western Kentucky,False,True,-1.3976706175239118,before kickoff,0.45873513133234306,True
401864497,1,2026-09-05,Hawai'i,UNLV,False,True,2.201472705035042,before kickoff,0.5647783894657951,False
401864498,1,2026-09-05,New Mexico,Central Michigan,False,True,8.913111733966185,before kickoff,0.7417345560536659,True
401869960,1,2026-09-05,James Madison,Liberty,False,True,11.798069430543809,before kickoff,0.8016251270204033,True
401870763,1,2026-09-05,Troy,Sam Houston,False,True,14.541922499066372,before kickoff,0.848291015761138,True
401856661,1,2026-09-06,Ole Miss,Louisville,True,True,14.410433736229413,before kickoff,0.8462771934917545,True
401858437,1,2026-09-06,Washington,Washington State,False,True,18.958380667873556,before kickoff,0.9041330498605842,True
401858438,1,2026-09-06,Notre Dame,Wisconsin,True,True,13.682601836056255,before kickoff,0.8347324891547766,True
401858212,1,2026-09-07,Florida State,SMU,False,True,-6.492566231095451,before kickoff,0.3168047946063619,False
401856678,2,2026-09-11,Kansas,Missouri,False,True,-6.22057251886366,before kickoff,0.3238137171238705,False
401858214,2,2026-09-11,Boston College,Rutgers,False,True,5.045985481927168,before kickoff,0.6450314321667207,True
401856670,2,2026-09-12,Utah,Arkansas,False,True,9.886411931411137,before kickoff,0.7631827084953211,True
401856671,2,2026-09-12,Auburn,Southern Miss,False,True,11.144117429162643,before kickoff,0.7890281497110234,True
401856673,2,2026-09-12,Georgia,Western Kentucky,False,True,28.160317237834807,before kickoff,0.96555055632588,True
401856674,2,2026-09-12,Kentucky,Alabama,False,True,-15.66834127004218,before kickoff,0.13533504336359242,False
401856676,2,2026-09-12,Ole Miss,Charlotte,False,True,29.597895874143955,before kickoff,0.9707833651127046,True
401856677,2,2026-09-12,Minnesota,Mississippi State,False,True,3.4206716218087254,before kickoff,0.5998617190180878,False
401856679,2,2026-09-12,Michigan,Oklahoma,False,True,-1.6606533843050941,before kickoff,0.45101666203603025,True
401856681,2,2026-09-12,Georgia Tech,Tennessee,False,True,-8.684628437315363,before kickoff,0.2634799809004617,False
401856682,2,2026-09-12,Texas,Ohio State,False,True,-4.0765931446400705,before kickoff,0.38165550697595607,True
401856683,2,2026-09-12,Texas A&M,Arizona State,False,True,12.878903017073219,before kickoff,0.8211878058958936,True
401856684,2,2026-09-12,Vanderbilt,Delaware,False,True,9.733840514788513,before kickoff,0.7599032897493273,True
401856781,2,2026-09-12,Kansas State,Washington State,False,True,12.180288528271237,before kickoff,0.8087214857143668,True
401856782,2,2026-09-12,Oklahoma State,Oregon,False,True,-23.904428926202065,before kickoff,0.05575303315471807,True
401856783,2,2026-09-12,Oregon State,Texas Tech,False,True,-14.513165463340545,before kickoff,0.15214755492424697,False
401856788,2,2026-09-12,Iowa,Iowa State,False,True,17.833811103957256,before kickoff,0.8919585942321796,True
401856790,2,2026-09-12,Pittsburgh,UCF,False,True,6.909546246770993,before kickoff,0.6937799369967932,True
401856810,2,2026-09-12,BYU,Arizona,False,True,7.7494077018925065,before kickoff,0.7144837486845426,True
401858216,2,2026-09-12,Syracuse,California,False,True,8.771759480459922,before kickoff,0.7385165118117812,False
401858217,2,2026-09-12,Illinois,Duke,False,True,3.175398539197975,before kickoff,0.5928735076605735,False
401858219,2,2026-09-12,Clemson,Georgia Southern,False,True,3.475292408633461,before kickoff,0.6014125410063613,True
401858221,2,2026-09-12,Virginia Tech,Old Dominion,False,True,10.794471630124692,before kickoff,0.78205653504309,True
401858224,2,2026-09-12,Purdue,Wake Forest,False,True,-1.7527900629988533,before kickoff,0.44831785009255043,False
401858440,2,2026-09-12,Michigan State,Eastern Michigan,False,True,17.12241842245844,before kickoff,0.8835721241555745,True
401858441,2,2026-09-12,Nebraska,Bowling Green,False,True,27.5373614541219,before kickoff,0.9630118896706286,True
401858442,2,2026-09-12,Temple,Penn State,False,True,-21.110908131604432,before kickoff,0.07594235527407533,False
401858443,2,2026-09-12,UCLA,San Diego State,False,True,19.088916243826933,before kickoff,0.9054639415857435,True
401858444,2,2026-09-12,UConn,Maryland,False,True,-1.648352175298948,before kickoff,0.45137720332588677,False
401858445,2,2026-09-12,USC,Louisiana,False,True,26.056712350006382,before kickoff,0.9562367749219064,True
401858446,2,2026-09-12,Washington,Utah State,False,True,26.263616819322877,before kickoff,0.9572502710621563,True
401859184,2,2026-09-12,Notre Dame,Rice,False,True,25.854491361592824,before kickoff,0.9552240922663847,True
401860881,2,2026-09-12,Boise State,Memphis,False,True,3.0263939106040216,before kickoff,0.588609515335428,True
401860883,2,2026-09-12,Fresno State,Sacramento State,False,True,2.3784318071178743,before kickoff,0.5699197879661477,True
401860884,2,2026-09-12,Texas State,UTSA,False,True,2.1296728475489712,before kickoff,0.5626882599057198,False
401862702,2,2026-09-12,Army,South Florida,False,True,2.28296228555419,before kickoff,0.5671478011677032,False
401862703,2,2026-09-12,Florida Atlantic,Navy,False,True,-7.874813611018825,before kickoff,0.28249784765102515,True
401862705,2,2026-09-12,North Texas,UNLV,False,True,7.0215704893796556,before kickoff,0.6965897093126641,True
401862707,2,2026-09-12,Sam Houston,Tulsa,False,True,-5.6372125686072705,before kickoff,0.3391127504533088,False
401862708,2,2026-09-12,UAB,UL Monroe,False,True,13.995599626611519,before kickoff,0.8397802517784846,True
401864502,2,2026-09-12,Air Force,North Dakota State,False,True,-2.7061031259488613,before kickoff,0.42060048661096794,False
401864571,2,2026-09-12,East Carolina,App State,False,True,0.09257658637495339,before kickoff,0.502739437443539,False
401864575,2,2026-09-12,Tulane,South Alabama,False,True,16.246579874820654,before kickoff,0.8724761600544072,True
401864578,2,2026-09-12,Hawai'i,New Mexico State,False,True,9.904124912375858,before kickoff,0.7635614286493542,True
401866414,2,2026-09-12,Florida International,Buffalo,False,True,11.269656199570958,before kickoff,0.7914910695238534,True
401866418,2,2026-09-12,Ohio,Jacksonville State,False,True,3.576456734556306,before kickoff,0.6042794625999957,True
401867796,2,2026-09-12,LSU,Louisiana Tech,False,True,21.20849156608506,before kickoff,0.9248642424043321,True
401869955,2,2026-09-12,Kennesaw State,Georgia State,False,True,3.6888189719812647,before kickoff,0.6074553351699112,False
401871045,2,2026-09-12,Marshall,Middle Tennessee,False,True,11.852554096586275,before kickoff,0.8026486824419173,True
401858225,3,2026-09-17,Pittsburgh,Syracuse,False,True,15.800798605436677,before kickoff,0.8664891627783731,True
401856811,3,2026-09-18,Texas Tech,Houston,False,True,3.719134272658963,before kickoff,0.6083106420842519,True
401858226,3,2026-09-18,Wake Forest,Miami,False,True,-14.853771261556131,before kickoff,0.14701946517945827,False
401856685,3,2026-09-19,Alabama,Florida State,False,True,20.495991790504146,before kickoff,0.9187896946785543,True
401856686,3,2026-09-19,Arkansas,Georgia,False,True,-23.196882722197387,before kickoff,0.06032956192679795,False
401856687,3,2026-09-19,Auburn,Florida,False,True,-1.592497227568023,before kickoff,0.4530149160777346,False
401856688,3,2026-09-19,Ole Miss,LSU,False,True,2.4302277922429907,before kickoff,0.5714218793974203,True
401856689,3,2026-09-19,Missouri,Troy,False,True,25.253318128216836,before kickoff,0.9520800710091601,True
401856690,3,2026-09-19,Oklahoma,New Mexico,False,True,16.744055469870368,before kickoff,0.878885247090244,True
401856691,3,2026-09-19,South Carolina,Mississippi State,False,True,-4.562408834337044,before kickoff,0.3681803505375519,False
401856692,3,2026-09-19,Tennessee,Kennesaw State,False,True,21.670003897115862,before kickoff,0.9285732917420029,True
401856693,3,2026-09-19,Texas,UTSA,False,True,22.448146298204506,before kickoff,0.93444617955568,True
401856694,3,2026-09-19,Texas A&M,Kentucky,False,True,17.13485513285078,before kickoff,0.8837234746453168,False
401856695,3,2026-09-19,Vanderbilt,NC State,False,True,3.261588118329783,before kickoff,0.5953336241675189,True
401856792,3,2026-09-19,Kansas State,Tulane,False,True,12.089013392302874,before kickoff,0.8070446560955493,True
401856793,3,2026-09-19,Arizona,Northern Illinois,False,True,26.61240592489357,before kickoff,0.9589081922617226,True
401856795,3,2026-09-19,Colorado State,BYU,False,True,-23.613250986906646,before kickoff,0.05759547779320655,False
401856796,3,2026-09-19,Northwestern,Colorado,False,True,3.677018888136186,before kickoff,0.6071222324336565,True
401856797,3,2026-09-19,Cincinnati,Miami (OH),False,True,7.636671049334002,before kickoff,0.7117538206622809,True
401856798,3,2026-09-19,Iowa State,Bowling Green,False,True,23.499027716354373,before kickoff,0.9416662717767084,True
401856799,3,2026-09-19,TCU,Arkansas State,False,True,16.04080800831101,before kickoff,0.8697415727165877,True
401856800,3,2026-09-19,UCF,Georgia State,False,True,7.964328800442896,before kickoff,0.7196448253421197,True
401856801,3,2026-09-19,Utah,Utah State,False,True,23.650589998683582,before kickoff,0.942643944225546,True
401856802,3,2026-09-19,Virginia,West Virginia,True,True,9.45113770648945,before kickoff,0.7537451166141026,False
401856812,3,2026-09-19,Kansas,Arizona State,True,True,-4.572689418552331,before kickoff,0.3678973245071866,False
401858229,3,2026-09-19,Clemson,North Carolina,False,True,2.7665014425952648,before kickoff,0.5811407147378489,True
401858230,3,2026-09-19,Louisville,SMU,False,True,-9.33992602100369,before kickoff,0.2487063789660732,True
401858231,3,2026-09-19,Duke,Stanford,False,True,8.123589074175047,before kickoff,0.7234323154813115,True
401858232,3,2026-09-19,Maryland,Virginia Tech,False,True,-0.9007638200941792,before kickoff,0.47337041687473524,False
401858449,3,2026-09-19,Indiana,Western Kentucky,False,True,25.960480805844057,before kickoff,0.9557576212016003,True
401858450,3,2026-09-19,Michigan,UTEP,False,True,25.112712483763698,before kickoff,0.9513150263327823,True
401858451,3,2026-09-19,Minnesota,Akron,False,True,18.35454075401476,before kickoff,0.8977564876687459,True
401858453,3,2026-09-19,Notre Dame,Michigan State,False,True,22.802734635048644,before kickoff,0.9369707706991558,True
401858454,3,2026-09-19,Ohio State,Kent State,False,True,30.789649971647606,before kickoff,0.9745293415268421,True
401858456,3,2026-09-19,Penn State,Buffalo,False,True,26.493200149484338,before kickoff,0.958348604593989,True
401858457,3,2026-09-19,Rutgers,USC,False,True,-19.42693542248634,before kickoff,0.09116637780627362,False
401858458,3,2026-09-19,UCLA,Purdue,False,True,11.25050754140759,before kickoff,0.7911167690092803,True
401858460,3,2026-09-19,Wisconsin,Eastern Michigan,False,True,16.564438958863615,before kickoff,0.8766038753292565,True
401860887,3,2026-09-19,San Diego State,James Madison,False,True,-9.257359400211222,before kickoff,0.2505369649309411,False
401860888,3,2026-09-19,San José State,Fresno State,False,True,-4.770165786872134,before kickoff,0.36247862229716615,False
401860889,3,2026-09-19,Texas State,North Texas,False,True,-2.4723886050619144,before kickoff,0.4273564201565304,True
401861963,3,2026-09-19,Southern Miss,UConn,False,True,2.619698438597518,before kickoff,0.5769051554034159,False
401862710,3,2026-09-19,Old Dominion,East Carolina,False,True,0.7761003922668568,before kickoff,0.5229497104350669,False
401862771,3,2026-09-19,Florida Atlantic,Florida International,False,True,5.501069049486511,before kickoff,0.6572663953443814,True
401862773,3,2026-09-19,Rice,Western Michigan,False,True,-6.697147100831362,before kickoff,0.3115870515718982,False
401862774,3,2026-09-19,Toledo,Temple,False,True,7.325262158649,before kickoff,0.7041329874538619,True
401862776,3,2026-09-19,Louisiana,UAB,False,True,5.5749855920610925,before kickoff,0.6592345734698823,True
401864443,3,2026-09-19,Middle Tennessee,Nevada,False,True,5.397112138120182,before kickoff,0.654489165690252,True
401864507,3,2026-09-19,Sacramento State,North Dakota State,False,True,-7.877531866941471,before kickoff,0.2824326363505458,False
401864508,3,2026-09-19,Central Michigan,Wyoming,False,True,-0.6633452235217796,before kickoff,0.480380806952342,True
401864574,3,2026-09-19,App State,Charlotte,False,True,14.889998464621678,before kickoff,0.8535174625236694,True
401866422,3,2026-09-19,Liberty,Ball State,False,True,5.7016377437933,before kickoff,0.6625941848476379,True
401866423,3,2026-09-19,South Alabama,Ohio,False,True,0.9823740373013148,before kickoff,0.5290370503429358,True
401867804,3,2026-09-19,Baylor,Louisiana Tech,False,True,11.421551802267109,before kickoff,0.7944426777459764,True
401869940,3,2026-09-19,Delaware,Coastal Carolina,False,True,5.4047071817663825,before kickoff,0.6546924288282261,True
401869948,3,2026-09-19,Jacksonville State,Georgia Southern,False,True,0.4800451010562839,before kickoff,0.514201355125989,True
401871047,3,2026-09-19,Missouri State,Marshall,False,True,0.303279662903019,before kickoff,0.5089734867259412,False
401869941,4,2026-09-24,Coastal Carolina,Liberty,False,True,4.624621540398367,before kickoff,0.6335309806476828,False
401858234,4,2026-09-25,California,Clemson,False,True,-1.7179363503965295,before kickoff,0.44933841483774134,False
401858461,4,2026-09-25,Indiana,Northwestern,False,True,16.926334367657677,before kickoff,0.8811631630558543,True
401862778,4,2026-09-25,UAB,Navy,False,True,-5.056668040236986,before kickoff,0.35467910626084115,True
401862779,4,2026-09-25,Temple,Army,False,True,-3.660771651227554,before kickoff,0.3933365713686121,False
401856696,4,2026-09-26,Alabama,South Carolina,False,True,18.451792618888547,before kickoff,0.8988082753593365,True
401856697,4,2026-09-26,Arkansas,Tulsa,False,True,6.287788095817032,before kickoff,0.6779258671099074,True
401856698,4,2026-09-26,Auburn,Vanderbilt,False,True,0.5567457183759602,before kickoff,0.5164688899445146,True
401856699,4,2026-09-26,Florida,Ole Miss,False,True,-5.518086061754475,before kickoff,0.3422800096185241,True
401856700,4,2026-09-26,Georgia,Oklahoma,False,True,14.2242999155227,before kickoff,0.8433891144391076,True
401856702,4,2026-09-26,LSU,Texas A&M,False,True,7.865517220680907,before kickoff,0.7172790617993701,True
401856703,4,2026-09-26,Mississippi State,Missouri,False,True,3.0646530144524102,before kickoff,0.589705655012802,True
401856704,4,2026-09-26,Tennessee,Texas,False,True,-6.484379939037136,before kickoff,0.3170145559310283,False
401856804,4,2026-09-26,Washington State,Arizona,False,True,-10.672801210684794,before kickoff,0.2204080950752642,False
401856805,4,2026-09-26,Texas Tech,Sam Houston,False,True,19.361936882864057,before kickoff,0.9081941623513368,True
401856806,4,2026-09-26,Georgia Southern,Houston,False,True,-13.215159351341335,before kickoff,0.17304238578574332,False
401856813,4,2026-09-26,Baylor,Colorado,False,True,11.337038802577013,before kickoff,0.7928042736073163,True
401856814,4,2026-09-26,Cincinnati,Kansas State,False,True,-4.401133516572794,before kickoff,0.37263206397044224,True
401856815,4,2026-09-26,UCF,TCU,False,True,0.07497832138420228,before kickoff,0.5022186941235104,True
401856816,4,2026-09-26,Iowa State,Utah,False,True,-7.7408760783899115,before kickoff,0.2857223017199067,False
401856881,4,2026-09-26,West Virginia,Oklahoma State,False,True,7.359330062563758,before kickoff,0.704972376463979,False
401858238,4,2026-09-26,Miami,Central Michigan,False,True,28.708122124278674,before kickoff,0.9676434349387703,True
401858239,4,2026-09-26,Virginia,Delaware,False,True,16.483494063795806,before kickoff,0.8755637504520841,True
401858240,4,2026-09-26,Stanford,Georgia Tech,False,True,1.3192411815618312,before kickoff,0.5389589776724578,True
401858241,4,2026-09-26,SMU,Missouri State,False,True,26.314184063081942,before kickoff,0.9574945378648868,True
401858242,4,2026-09-26,Boston College,Virginia Tech,False,True,-8.14434641809968,before kickoff,0.2760763728066814,False
401858243,4,2026-09-26,Louisville,Wake Forest,False,True,10.57563440091072,before kickoff,0.7776093220573427,False
401858462,4,2026-09-26,Maryland,UCLA,False,True,-1.1066919915430176,before kickoff,0.46729825420154586,False
401858463,4,2026-09-26,Michigan,Iowa,False,True,-0.856773901164343,before kickoff,0.4746686220294613,False
401858464,4,2026-09-26,Michigan State,Nebraska,False,True,0.5690673407362421,before kickoff,0.5168330988289223,False
401858465,4,2026-09-26,Ohio State,Illinois,False,True,18.818662733513296,before kickoff,0.9026900033119973,True
401858466,4,2026-09-26,Penn State,Wisconsin,False,True,13.0212296773616,before kickoff,0.8236481544499745,False
401858467,4,2026-09-26,Purdue,Notre Dame,False,True,-20.668326989966594,before kickoff,0.07970121026881175,False
401858469,4,2026-09-26,USC,Oregon,False,True,1.851374889231543,before kickoff,0.5545664659111373,False
401858470,4,2026-09-26,Washington,Minnesota,False,True,6.173993374284649,before kickoff,0.6749779164878152,False
401860891,4,2026-09-26,Fresno State,Rice,False,True,12.984913988911085,before kickoff,0.82302291765689,True
401860893,4,2026-09-26,Toledo,San Diego State,False,True,8.854066053901208,before kickoff,0.7403934593864276,True
401860894,4,2026-09-26,Utah State,Troy,False,True,-5.299741414351927,before kickoff,0.3481217102884467,True
401860895,4,2026-09-26,UTEP,Oregon State,False,True,-6.061854395523,before kickoff,0.3279407672859692,False
401860896,4,2026-09-26,UTSA,Colorado State,False,True,13.064738603017883,before kickoff,0.8243949477872944,True
401860897,4,2026-09-26,Western Michigan,Boise State,False,True,-4.540175477999884,before kickoff,0.3687927485315446,False
401861970,4,2026-09-26,Miami (OH),UConn,False,True,0.3967736785098718,before kickoff,0.5117389055868719,True
401862780,4,2026-09-26,Charlotte,Louisiana,False,True,-10.15647385911412,before kickoff,0.231088608418936,False
401862782,4,2026-09-26,UL Monroe,Florida Atlantic,False,True,-14.62778251273732,before kickoff,0.15040571714179748,False
401862784,4,2026-09-26,Tulane,Southern Miss,False,True,10.170596184882335,before kickoff,0.7692082780075892,True
401862785,4,2026-09-26,Bowling Green,South Florida,False,True,-19.6854692208981,before kickoff,0.08866241544287774,False
401864509,4,2026-09-26,Nevada,Air Force,False,True,-8.740630025382734,before kickoff,0.26219565530220884,False
401864510,4,2026-09-26,Wyoming,Hawai'i,False,True,-7.722598417080716,before kickoff,0.28616403246106453,True
401864511,4,2026-09-26,Georgia State,Northern Illinois,False,True,15.541281493481254,before kickoff,0.8628953736698859,True
401864512,4,2026-09-26,Akron,UNLV,False,True,0.15198358994306296,before kickoff,0.504497276161146,False
401864572,4,2026-09-26,NC State,App State,False,True,13.439843238789868,before kickoff,0.8307302669705062,True
401864576,4,2026-09-26,Kentucky,South Alabama,False,True,20.471727849232504,before kickoff,0.9185751412111305,True
401864579,4,2026-09-26,New Mexico State,New Mexico,False,True,-16.566574747758388,before kickoff,0.12336878165298365,False
401866425,4,2026-09-26,Kent State,Ball State,False,True,2.6155179805468123,before kickoff,0.576784372044417,True
401866429,4,2026-09-26,Sacramento State,Massachusetts,False,True,-2.33180896877452,before kickoff,0.4314333839397909,False
401869931,4,2026-09-26,Arkansas State,Kennesaw State,False,True,2.757114185985165,before kickoff,0.5808702243640069,True
401869961,4,2026-09-26,Old Dominion,James Madison,False,True,-5.398038441843771,before kickoff,0.3454860409862606,False
401871048,4,2026-09-26,Jacksonville State,Middle Tennessee,False,True,9.945348484175343,before kickoff,0.7644412074031275,True
401862786,5,2026-10-01,Tulsa,North Texas,False,True,-3.978162408815179,before kickoff,0.38440879487458723,False
401871049,5,2026-10-01,New Mexico State,Western Kentucky,False,True,-3.4040568580966473,before kickoff,0.40061041483337706,True
401858245,5,2026-10-02,Virginia Tech,Pittsburgh,False,True,1.8261734305616835,before kickoff,0.5538294834907979,False
401858476,5,2026-10-02,Northwestern,Penn State,False,True,1.5979754780689333,before kickoff,0.5471457562877691,True
401871050,5,2026-10-02,Delaware,Liberty,False,True,1.5488930407526025,before kickoff,0.5457058643255386,False
401856705,5,2026-10-03,Georgia,Vanderbilt,False,True,17.95049657115098,before kickoff,0.8932824011759793,True
401856707,5,2026-10-03,Mississippi State,Alabama,False,True,-5.101487509920797,before kickoff,0.3534658098734049,False
401856708,5,2026-10-03,Missouri,Florida,False,True,-4.243121739988285,before kickoff,0.377014743036264,True
401856709,5,2026-10-03,South Carolina,Kentucky,False,True,0.12626322926272676,before kickoff,0.5037362280736718,False
401856710,5,2026-10-03,Tennessee,Auburn,False,True,5.3867681276172314,before kickoff,0.6542122422311616,True
401856711,5,2026-10-03,Texas A&M,Arkansas,False,True,14.006015896678878,before kickoff,0.8399460716378971,True
401856807,5,2026-10-03,Kansas,Middle Tennessee,False,True,18.44649333580697,before kickoff,0.8987512113370116,True
401856817,5,2026-10-03,Arizona State,Baylor,False,True,1.62699808131839,before kickoff,0.5479967995636016,False
401856818,5,2026-10-03,TCU,BYU,False,True,-11.982942648706478,before kickoff,0.1949180092558612,False
401856819,5,2026-10-03,Houston,UCF,False,True,9.002937373215392,before kickoff,0.7437660747711636,True
401856820,5,2026-10-03,Arizona,Cincinnati,False,True,7.009174372620807,before kickoff,0.6962795085985023,True
401856821,5,2026-10-03,Colorado,Texas Tech,False,True,-14.114535353348437,before kickoff,0.15833462816998933,False
401856822,5,2026-10-03,Iowa State,West Virginia,False,True,2.8599738894853743,before kickoff,0.5838314036699005,True
401858246,5,2026-10-03,SMU,Boston College,False,True,16.087817064588318,before kickoff,0.8703706564648156,True
401858247,5,2026-10-03,UNLV,California,False,True,-1.8940848610077872,before kickoff,0.4441850884111121,True
401858248,5,2026-10-03,NC State,Louisville,False,True,-2.1015501937305574,before kickoff,0.43813101581974234,True
401858249,5,2026-10-03,Clemson,Miami,False,True,-9.332212216991298,before kickoff,0.24887702233438033,False
401858250,5,2026-10-03,North Carolina,Notre Dame,False,True,-20.011142524232998,before kickoff,0.08559664031591999,False
401858251,5,2026-10-03,Wake Forest,Stanford,False,True,10.802227612713086,before kickoff,0.7822129689587215,True
401858252,5,2026-10-03,UConn,Syracuse,False,True,1.5519379163194693,before kickoff,0.545795211886994,False
401858253,5,2026-10-03,Florida State,Virginia,False,True,-4.1272658206200195,before kickoff,0.38024104599828595,True
401858472,5,2026-10-03,Illinois,Purdue,False,True,7.246344268798559,before kickoff,0.702183246032898,False
401858473,5,2026-10-03,Iowa,Ohio State,False,True,-5.082253746132516,before kickoff,0.35398625202720463,False
401858474,5,2026-10-03,Minnesota,Michigan,False,True,-7.760739884553546,before kickoff,0.28524270156415027,True
401858475,5,2026-10-03,Nebraska,Maryland,False,True,10.255263905415383,before kickoff,0.7709826017436775,True
401858477,5,2026-10-03,Rutgers,Indiana,False,True,-16.189828878292246,before kickoff,0.12827309443976648,False
401858478,5,2026-10-03,USC,Washington,False,True,9.055873372184452,before kickoff,0.7449583716893756,True
401858479,5,2026-10-03,Wisconsin,Michigan State,False,True,7.327732070028777,before kickoff,0.7041938894110545,True
401860898,5,2026-10-03,Boise State,Utah State,False,True,17.085466949782955,before kickoff,0.8831214280461751,True
401860899,5,2026-10-03,Colorado State,Oregon State,False,True,-2.61975712120116,before kickoff,0.42309314918222257,False
401860900,5,2026-10-03,San Diego State,Texas State,False,True,-8.209463189926698,before kickoff,0.2745386135019712,True
401860921,5,2026-10-03,Washington State,Fresno State,False,True,1.23944494134594,before kickoff,0.5366111896717942,False
401862787,5,2026-10-03,Charlotte,Memphis,False,True,-13.49706444435656,before kickoff,0.1683194619691074,False
401862788,5,2026-10-03,Rice,UTSA,False,True,-14.149440346218418,before kickoff,0.15778481613152887,False
401862791,5,2026-10-03,Air Force,Navy,False,True,4.0892822229546555,before kickoff,0.6186988813447073,True
401862792,5,2026-10-03,South Florida,Temple,False,True,9.75341621654526,before kickoff,0.7603257878687676,False
401864513,5,2026-10-03,Hawai'i,San José State,False,True,2.8520278616775983,before kickoff,0.5836028618868622,False
401864514,5,2026-10-03,New Mexico,UTEP,False,True,17.765928284177974,before kickoff,0.8911818340982207,True
401864515,5,2026-10-03,North Dakota State,Wyoming,False,True,11.973469766187472,before kickoff,0.8049059766949912,True
401866430,5,2026-10-03,Central Michigan,Akron,False,True,1.9561079169655773,before kickoff,0.5576266355249173,True
401866431,5,2026-10-03,Ball State,Toledo,False,True,-18.458087195722573,before kickoff,0.1011239801291619,False
401866432,5,2026-10-03,Buffalo,Western Michigan,False,True,-10.74797536671586,before kickoff,0.21888296802223203,False
401866433,5,2026-10-03,Massachusetts,Eastern Michigan,False,True,6.8080968234065455,before kickoff,0.6912229057119244,False
401866434,5,2026-10-03,Kent State,Ohio,False,True,-6.991065161141467,before kickoff,0.3041739779413964,False
401866477,5,2026-10-03,Miami (OH),Bowling Green,False,True,19.81007631631492,before kickoff,0.912522129369473,False
401869842,5,2026-10-03,Louisiana Tech,Army,False,True,0.830467875397849,before kickoff,0.5245548849189854,True
401869932,5,2026-10-03,Louisiana,Arkansas State,False,True,4.17160229138075,before kickoff,0.620994883307909,True
401869942,5,2026-10-03,Coastal Carolina,Georgia Southern,False,True,-5.009666635145624,before kickoff,0.3559534801649224,False
401869956,5,2026-10-03,Georgia State,Old Dominion,False,True,2.387784737954948,before kickoff,0.5701911204697099,True
401869962,5,2026-10-03,James Madison,Marshall,False,True,13.755095734788432,before kickoff,0.8359128438875728,True
401871089,5,2026-10-03,South Alabama,UL Monroe,False,True,14.515527475706158,before kickoff,0.8478885070705116,True
401871090,6,2026-10-06,Troy,Southern Miss,False,True,3.598684764644022,before kickoff,0.6049084364273006,True
401871051,6,2026-10-07,Kennesaw State,Jacksonville State,False,True,-3.133948622460861,before kickoff,0.40831126956126756,False
401871066,6,2026-10-07,Florida International,New Mexico State,False,True,6.287662066047534,before kickoff,0.6779226099662936,True
401862794,6,2026-10-08,UTSA,South Florida,False,True,5.986068950952414,before kickoff,0.6700791595811405,True
401869933,6,2026-10-08,Arkansas State,South Alabama,False,True,3.117942814478026,before kickoff,0.5912309448198987,False
401870766,6,2026-10-08,Liberty,Sam Houston,False,True,10.347550733586013,before kickoff,0.772905646429483,True
401871052,6,2026-10-08,Western Kentucky,Missouri State,False,True,2.695204940091621,before kickoff,0.5790851216742936,True
401856826,6,2026-10-09,BYU,Iowa State,False,True,18.53927609985099,before kickoff,0.899746202309568,True
401858254,6,2026-10-09,Louisville,Florida State,False,True,4.366568660261607,before kickoff,0.6264109896115685,True
401858487,6,2026-10-09,Washington,Iowa,False,True,-3.650843523635204,before kickoff,0.39361702330619613,False
401860922,6,2026-10-09,Utah State,Washington State,False,True,2.579536064583373,before kickoff,0.575744391009404,True
401864519,6,2026-10-09,San José State,Wyoming,False,True,4.762821050591609,before kickoff,0.6373204546272266,False
401856712,6,2026-10-10,Alabama,Georgia,False,True,0.9135838732894427,before kickoff,0.5270078541897687,False
401856713,6,2026-10-10,Arkansas,Tennessee,False,True,-14.628283590596926,before kickoff,0.15039813840723812,False
401856714,6,2026-10-10,Florida,South Carolina,False,True,10.26057081723196,before kickoff,0.7710934951066156,False
401856715,6,2026-10-10,Kentucky,LSU,False,True,-6.591689448851573,before kickoff,0.31427083858111293,True
401856716,6,2026-10-10,Missouri,Texas A&M,False,True,7.239842363980074,before kickoff,0.702022280712546,True
401856717,6,2026-10-10,Oklahoma,Texas,True,True,-9.446932332707206,before kickoff,0.2463472879401575,True
401856718,6,2026-10-10,Vanderbilt,Ole Miss,False,True,-5.268471487020906,before kickoff,0.34896212330062043,False
401856808,6,2026-10-10,Arizona State,Hawai'i,False,False,19.263036823480824,"frozen, as week 6",0.9072134415950021,
401856823,6,2026-10-10,West Virginia,Arizona,False,True,-9.268235839697367,before kickoff,0.250295311021919,False
401856824,6,2026-10-10,Oklahoma State,UCF,False,True,3.2672665765830815,before kickoff,0.5954955382738829,True
401856825,6,2026-10-10,Kansas State,Houston,False,True,-3.2653908320014295,before kickoff,0.40455794393019173,False
401856827,6,2026-10-10,Utah,Kansas,False,False,13.476758022650172,"frozen, as week 6",0.8313437978098458,
401858255,6,2026-10-10,Georgia Tech,Duke,False,True,-8.401463900321705,before kickoff,0.2700355616864694,True
401858256,6,2026-10-10,Pittsburgh,North Carolina,False,True,8.05334886515735,before kickoff,0.7217657795088392,False
401858257,6,2026-10-10,Notre Dame,Stanford,False,True,27.712165073506096,before kickoff,0.9637418725520923,True
401858258,6,2026-10-10,Virginia,Syracuse,False,True,7.694187079244369,before kickoff,0.7131485165688218,True
401858259,6,2026-10-10,California,Virginia Tech,False,True,-8.948614260101111,before kickoff,0.257461256950972,True
401858260,6,2026-10-10,NC State,Wake Forest,False,True,-1.7039219999197261,before kickoff,0.4497488950864238,False
401858480,6,2026-10-10,Michigan State,Illinois,False,True,0.28507322708674987,before kickoff,0.5084348972920956,False
401858481,6,2026-10-10,Nebraska,Indiana,False,True,-9.224532937520856,before kickoff,0.2512672481031587,False
401858482,6,2026-10-10,Northwestern,Ball State,False,True,23.899554033215647,before kickoff,0.9442165821367413,True
401858483,6,2026-10-10,Ohio State,Maryland,False,True,23.090077244343348,before kickoff,0.9389497643286285,True
401858484,6,2026-10-10,Oregon,UCLA,False,True,7.942684857454901,before kickoff,0.7191276569932219,False
401858485,6,2026-10-10,Penn State,USC,False,True,-5.943076554861093,before kickoff,0.33104681135281283,False
401858486,6,2026-10-10,Purdue,Minnesota,False,False,-3.612282341981001,"frozen, as week 6",0.3947069717201413,
401860901,6,2026-10-10,Fresno State,Boise State,False,False,-5.102315695207683,"frozen, as week 6",0.35344340797921336,
401860902,6,2026-10-10,Oregon State,San Diego State,False,True,7.905204873912688,before kickoff,0.7182307227560201,True
401861964,6,2026-10-10,Temple,UConn,False,True,0.4846149984065663,before kickoff,0.5143364743604009,False
401862795,6,2026-10-10,Army,Tulane,False,True,2.15509183899896,before kickoff,0.5634284778933137,True
401862796,6,2026-10-10,North Texas,Charlotte,False,True,18.37650371305047,before kickoff,0.8979948626326917,True
401862797,6,2026-10-10,East Carolina,Rice,False,True,15.443016461366991,before kickoff,0.8615135078071694,True
401862798,6,2026-10-10,Memphis,UAB,False,True,8.751013792645404,before kickoff,0.7380420392536122,True
401862799,6,2026-10-10,Navy,Tulsa,False,True,0.7200129952892554,before kickoff,0.5212932597324816,True
401864516,6,2026-10-10,Northern Illinois,Air Force,False,True,-12.449689329098996,before kickoff,0.1863942663194159,False
401864517,6,2026-10-10,UTEP,Nevada,False,True,-1.521950548107322,before kickoff,0.45508485258145703,False
401864518,6,2026-10-10,UNLV,North Dakota State,False,True,-0.19656864282639458,before kickoff,0.49418353367444695,True
401866435,6,2026-10-10,Akron,Eastern Michigan,False,True,-7.275248278986468,before kickoff,0.2971017943303747,False
401866436,6,2026-10-10,Bowling Green,Sacramento State,False,True,-0.5157384733641635,before kickoff,0.48474334725733736,True
401866437,6,2026-10-10,Toledo,Buffalo,False,True,20.279976339224447,before kickoff,0.9168613343336102,False
401866438,6,2026-10-10,Ohio,Central Michigan,False,True,8.32255885848412,before kickoff,0.7281194968582041,True
401866439,6,2026-10-10,Western Michigan,Kent State,False,True,10.947653957285814,before kickoff,0.7851311307895387,True
401866440,6,2026-10-10,Massachusetts,Miami (OH),False,True,-1.2468193609332854,before kickoff,0.4631717683360883,False
401869843,6,2026-10-10,App State,Old Dominion,False,True,6.590654261276598,before kickoff,0.6857027549580307,False
401869943,6,2026-10-10,Marshall,Coastal Carolina,False,True,8.229498273777015,before kickoff,0.725933450753424,False
401869949,6,2026-10-10,Georgia Southern,James Madison,False,False,-9.890893577481952,"frozen, as week 6",0.23672143018328234,
401869965,6,2026-10-10,Louisiana Tech,Louisiana,False,True,3.566981877833263,before kickoff,0.604011252958725,True
401871053,7,2026-10-13,Jacksonville State,Florida International,False,False,4.617997865363812,"frozen, as week 6",0.6333489375785116,
401871067,7,2026-10-13,Middle Tennessee,Delaware,False,False,-5.230031251828137,"frozen, as week 6",0.34999653388073704,
401871054,7,2026-10-14,Missouri State,Kennesaw State,False,False,-3.333654814289882,"frozen, as week 6",0.40261303500465373,
401871068,7,2026-10-14,Sam Houston,Western Kentucky,False,False,-0.069097933643922,"frozen, as week 6",0.4979553112401528,
401860923,7,2026-10-15,Texas State,Colorado State,False,False,17.142268130577236,"frozen, as week 6",0.8838136069834872,
401862800,7,2026-10-15,UAB,East Carolina,False,False,-10.094161918956281,"frozen, as week 6",0.23240174808353226,
401869950,7,2026-10-15,Old Dominion,Georgia Southern,False,False,-1.4099012450734039,"frozen, as week 6",0.4583756973585122,
401858493,7,2026-10-16,Purdue,Washington,False,False,-0.678806677965854,"frozen, as week 6",0.47992400281991443,
401862801,7,2026-10-16,Tulane,Memphis,False,False,-0.16816554384569773,"frozen, as week 6",0.495023921217319,
401869844,7,2026-10-16,Coastal Carolina,App State,False,False,-4.245799547387661,"frozen, as week 6",0.3769403001729902,
401856719,7,2026-10-17,Georgia,Auburn,False,False,21.02006022571126,"frozen, as week 6",0.9232995851905655,
401856720,7,2026-10-17,LSU,Mississippi State,False,False,6.584312738193899,"frozen, as week 6",0.6855409636713999,
401856721,7,2026-10-17,Ole Miss,Missouri,False,False,4.88236266110532,"frozen, as week 6",0.6405846363234776,
401856722,7,2026-10-17,Oklahoma,Kentucky,False,False,5.325779562224511,"frozen, as week 6",0.6525773726311429,
401856723,7,2026-10-17,Tennessee,Alabama,False,False,-7.9733105625357785,"frozen, as week 6",0.2801407318668875,
401856724,7,2026-10-17,Texas,Florida,False,False,11.813350648757227,"frozen, as week 6",0.8019126043030186,
401856726,7,2026-10-17,Vanderbilt,Arkansas,False,False,10.161325867314673,"frozen, as week 6",0.7690134229801505,
401856809,7,2026-10-17,BYU,Notre Dame,False,False,-5.461268948999968,"frozen, as week 6",0.3437956129786855,
401856828,7,2026-10-17,Texas Tech,Arizona State,False,False,14.224783853172699,"frozen, as week 6",0.8433966802479987,
401856829,7,2026-10-17,West Virginia,Cincinnati,False,False,0.9614566375892779,"frozen, as week 6",0.5284201200580639,
401856830,7,2026-10-17,Kansas State,Kansas,False,False,2.542625242311079,"frozen, as week 6",0.5746768645657386,
401856831,7,2026-10-17,Houston,Oklahoma State,False,False,10.62288650611435,"frozen, as week 6",0.7785750367449037,
401856832,7,2026-10-17,Baylor,TCU,False,False,8.471015402373169,"frozen, as week 6",0.7315841207450027,
401856833,7,2026-10-17,Colorado,Utah,False,False,-12.549920499001056,"frozen, as week 6",0.18460177936326513,
401858263,7,2026-10-17,Miami,Florida State,False,False,21.240374414906203,"frozen, as week 6",0.9251260667648825,
401858264,7,2026-10-17,Virginia Tech,Georgia Tech,False,False,10.340317310793381,"frozen, as week 6",0.7727553313018493,
401858265,7,2026-10-17,Syracuse,Louisville,False,False,-10.311547293051852,"frozen, as week 6",0.22784322300391832,
401858266,7,2026-10-17,Duke,North Carolina,False,False,3.977807170329174,"frozen, as week 6",0.6155812549117904,
401858267,7,2026-10-17,Boston College,Pittsburgh,False,False,-10.627481336636594,"frozen, as week 6",0.2213312167015874,
401858268,7,2026-10-17,SMU,Virginia,False,False,9.907559368712693,"frozen, as week 6",0.7636348121346438,
401858269,7,2026-10-17,California,Wake Forest,False,False,-9.90981042118629,"frozen, as week 6",0.23631709851565508,
401858488,7,2026-10-17,Indiana,Ohio State,False,False,-0.23286937336433636,"frozen, as week 6",0.4931095204257061,
401858489,7,2026-10-17,Maryland,Rutgers,False,False,2.730293401841274,"frozen, as week 6",0.5800971258999678,
401858490,7,2026-10-17,Michigan,Penn State,False,False,9.03656321642689,"frozen, as week 6",0.744523865014868,
401858491,7,2026-10-17,Michigan State,Northwestern,False,False,-8.826517628296527,"frozen, as week 6",0.260233789253039,
401858492,7,2026-10-17,Oregon,Nebraska,False,False,8.83169164403621,"frozen, as week 6",0.7398840925319642,
401858494,7,2026-10-17,UCLA,Wisconsin,False,False,7.833204647858858,"frozen, as week 6",0.7165028097541993,
401860903,7,2026-10-17,Oregon State,Washington State,False,False,10.236497155486282,"frozen, as week 6",0.7705901484273455,
401860904,7,2026-10-17,San Diego State,Fresno State,False,False,-7.806441980108771,"frozen, as week 6",0.28414108993077897,
401862802,7,2026-10-17,Army,Florida Atlantic,False,False,1.642351506742252,"frozen, as week 6",0.5484469020149789,
401862803,7,2026-10-17,Temple,Charlotte,False,False,14.698235490172129,"frozen, as week 6",0.8506567929377259,
401862804,7,2026-10-17,UTSA,Navy,False,False,12.476960541547014,"frozen, as week 6",0.8140947639746156,
401862805,7,2026-10-17,Rice,Tulsa,False,False,-3.695874544615921,"frozen, as week 6",0.3923455419057396,
401862806,7,2026-10-17,South Florida,Kent State,False,False,15.942203005279813,"frozen, as week 6",0.868413588742874,
401864520,7,2026-10-17,North Dakota State,Nevada,False,False,14.692742615007345,"frozen, as week 6",0.8505741771311598,
401864521,7,2026-10-17,Hawai'i,New Mexico,False,False,-14.96506175462849,"frozen, as week 6",0.14537518569403024,
401864522,7,2026-10-17,Wyoming,Northern Illinois,False,False,9.268643090886103,"frozen, as week 6",0.7497137343126586,
401864523,7,2026-10-17,UTEP,San José State,False,False,-6.524721840085291,"frozen, as week 6",0.3159815770548747,
401864524,7,2026-10-17,Air Force,UNLV,False,False,2.3801023816214206,"frozen, as week 6",0.5699682551294649,
401866441,7,2026-10-17,Bowling Green,Ball State,False,False,3.6963565646317322,"frozen, as week 6",0.6076680603951502,
401866442,7,2026-10-17,Buffalo,Massachusetts,False,False,-0.17215959990411614,"frozen, as week 6",0.4949057437496163,
401866443,7,2026-10-17,Central Michigan,Western Michigan,False,False,-5.869476952915609,"frozen, as week 6",0.3329788780081828,
401866444,7,2026-10-17,Eastern Michigan,Toledo,False,False,-2.8678262333458457,"frozen, as week 6",0.4159427844640695,
401866445,7,2026-10-17,Sacramento State,Ohio,False,False,-8.517336514817018,"frozen, as week 6",0.26734059362246543,
401866478,7,2026-10-17,Miami (OH),Akron,False,False,11.661204005927956,"frozen, as week 6",0.7990363534132767,
401869934,7,2026-10-17,Southern Miss,Arkansas State,False,False,0.36635640921621093,"frozen, as week 6",0.5108392770418835,
401869957,7,2026-10-17,James Madison,Georgia State,False,False,8.425384516593725,"frozen, as week 6",0.7305221845094589,
401869966,7,2026-10-17,Louisiana,Troy,False,False,3.8349064180623387,"frozen, as week 6",0.6115708472453684,
401871091,7,2026-10-17,UL Monroe,Louisiana Tech,False,False,-15.372004515861692,"frozen, as week 6",0.13949236853012892,
401871055,8,2026-10-20,Florida International,Middle Tennessee,False,False,8.705247586145473,"frozen, as week 6",0.7369933628363279,
401871069,8,2026-10-20,Delaware,Missouri State,False,False,9.151912214146066,"frozen, as week 6",0.7471121561129187,
401871092,8,2026-10-20,Marshall,South Alabama,False,False,-0.6065174218944555,"frozen, as week 6",0.48206004369298394,
401871070,8,2026-10-21,Sam Houston,New Mexico State,False,False,3.0185717747806065,"frozen, as week 6",0.5883852991107403,
401862807,8,2026-10-22,Memphis,East Carolina,False,False,-0.7371545616719505,"frozen, as week 6",0.4782004404077488,
401869845,8,2026-10-22,App State,James Madison,False,False,-10.223440336010235,"frozen, as week 6",0.22968317637767233,
401871056,8,2026-10-22,Kennesaw State,Liberty,False,False,-9.800796605918059,"frozen, as week 6",0.23865372039960817,
401858271,8,2026-10-23,Virginia,Duke,False,False,-0.2408779190873224,"frozen, as week 6",0.4928725834319679,
401858272,8,2026-10-23,Stanford,NC State,False,False,-7.177301881832701,"frozen, as week 6",0.2995285645215952,
401861965,8,2026-10-23,UConn,Massachusetts,False,False,11.420310631896285,"frozen, as week 6",0.7944186855353523,
401862808,8,2026-10-23,Tulsa,Army,False,False,-4.294319857167454,"frozen, as week 6",0.37559244776298595,
401864525,8,2026-10-23,Wyoming,Air Force,False,False,-6.8659647295023625,"frozen, as week 6",0.3073170858416603,
401856727,8,2026-10-24,Alabama,Texas A&M,False,False,17.25344929463034,"frozen, as week 6",0.8851581583587318,
401856728,8,2026-10-24,Auburn,LSU,False,False,-10.882150422292536,"frozen, as week 6",0.21617975236299294,
401856729,8,2026-10-24,Kentucky,Vanderbilt,False,False,5.979432009235809,"frozen, as week 6",0.6699054649340218,
401856730,8,2026-10-24,Mississippi State,Oklahoma,False,False,-0.18069932040343337,"frozen, as week 6",0.49465306956717214,
401856731,8,2026-10-24,South Carolina,Tennessee,False,False,-3.1401884511673033,"frozen, as week 6",0.40813284589257914,
401856732,8,2026-10-24,Texas,Ole Miss,False,False,2.528152875877794,"frozen, as week 6",0.5742581073669478,
401856834,8,2026-10-24,Kansas,Baylor,False,False,-2.0502690670262633,"frozen, as week 6",0.4396258154068442,
401856835,8,2026-10-24,UCF,BYU,False,False,-13.48944055874542,"frozen, as week 6",0.16844582550937867,
401856836,8,2026-10-24,Oklahoma State,Colorado,False,False,9.121474744988245,"frozen, as week 6",0.7464308642484463,
401856837,8,2026-10-24,Utah,Houston,False,False,3.65237732379758,"frozen, as week 6",0.6064263084035609,
401856838,8,2026-10-24,Arizona,Iowa State,False,False,12.054999057672347,"frozen, as week 6",0.8064169193702878,
401856839,8,2026-10-24,Arizona State,Kansas State,False,False,-0.06326529403824892,"frozen, as week 6",0.49812790418780395,
401856840,8,2026-10-24,Cincinnati,Texas Tech,False,False,-12.491474651582159,"frozen, as week 6",0.18564537139929566,
401856841,8,2026-10-24,TCU,West Virginia,False,False,6.09920199300822,"frozen, as week 6",0.6730327849962545,
401858270,8,2026-10-24,SMU,California,False,False,14.092348979528303,"frozen, as week 6",0.8413150914207946,
401858273,8,2026-10-24,Georgia Tech,Boston College,False,False,7.245759431417336,"frozen, as week 6",0.7021687694736348,
401858274,8,2026-10-24,Miami,Pittsburgh,False,False,16.68748320417488,"frozen, as week 6",0.878170653735235,
401858275,8,2026-10-24,North Carolina,Syracuse,False,False,9.597435030869512,"frozen, as week 6",0.7569451565624097,
401858276,8,2026-10-24,Clemson,Virginia Tech,False,False,3.9753284816286345,"frozen, as week 6",0.6155118242641592,
401858495,8,2026-10-24,Illinois,Oregon,False,False,-14.300720139266557,"frozen, as week 6",0.1554198274044754,
401858496,8,2026-10-24,Michigan,Indiana,False,False,-9.60762194333356,"frozen, as week 6",0.24283307422934958,
401858497,8,2026-10-24,Minnesota,Iowa,False,False,-5.992876314836516,"frozen, as week 6",0.32974273388468633,
401858498,8,2026-10-24,Northwestern,Rutgers,False,False,16.42597151602125,"frozen, as week 6",0.8748200335828495,
401858499,8,2026-10-24,UCLA,Michigan State,False,False,16.448365158846357,"frozen, as week 6",0.8751100157850984,
401858500,8,2026-10-24,Wisconsin,USC,False,False,-5.727566858486024,"frozen, as week 6",0.3367200183972632,
401860905,8,2026-10-24,Colorado State,San Diego State,False,False,-0.2799620300051108,"frozen, as week 6",0.4917163075806695,
401860906,8,2026-10-24,Texas State,Utah State,False,False,12.095979470556172,"frozen, as week 6",0.8071730242584396,
401860907,8,2026-10-24,Washington State,Boise State,False,False,-12.077062510844039,"frozen, as week 6",0.1931757215179536,
401862809,8,2026-10-24,Florida Atlantic,Rice,False,False,12.91122742843496,"frozen, as week 6",0.8217489325614628,
401862810,8,2026-10-24,Navy,North Texas,False,False,-4.7456351910193355,"frozen, as week 6",0.3631498702197107,
401862811,8,2026-10-24,Tulane,UTSA,False,False,-4.810741055169034,"frozen, as week 6",0.36136950996883316,
401864526,8,2026-10-24,Northern Illinois,Hawai'i,False,False,-4.183680857203897,"frozen, as week 6",0.37866868427684114,
401864527,8,2026-10-24,New Mexico,North Dakota State,False,False,8.28899634890113,"frozen, as week 6",0.7273323552057585,
401864528,8,2026-10-24,Nevada,San José State,False,False,0.009977422634824205,"frozen, as week 6",0.5002952452293193,
401866446,8,2026-10-24,Kent State,Akron,False,False,1.732512832539409,"frozen, as week 6",0.5510884570442705,
401866447,8,2026-10-24,Ball State,Sacramento State,False,False,0.02077517861478414,"frozen, as week 6",0.500614764976966,
401866448,8,2026-10-24,Buffalo,Bowling Green,False,False,3.4462240937961397,"frozen, as week 6",0.6005874693603023,
401866449,8,2026-10-24,Ohio,Eastern Michigan,False,False,5.020375052673458,"frozen, as week 6",0.6443370431526928,
401866450,8,2026-10-24,Toledo,Western Michigan,False,False,2.800827755413451,"frozen, as week 6",0.5821293985352085,
401866476,8,2026-10-24,Central Michigan,Miami (OH),False,False,-3.132988517396567,"frozen, as week 6",0.40833872526067444,
401869935,8,2026-10-24,Arkansas State,Georgia State,False,False,-6.5383457264587515,"frozen, as week 6",0.3156331385150776,
401869967,8,2026-10-24,Southern Miss,Louisiana,False,False,-4.072605044077298,"frozen, as week 6",0.3817669151221019,
401871093,8,2026-10-24,Louisiana Tech,Old Dominion,False,False,7.976111667054314,"frozen, as week 6",0.7199261250083245,
401871094,8,2026-10-24,Troy,UL Monroe,False,False,18.34514000064673,"frozen, as week 6",0.8976543058222174,
401871071,9,2026-10-27,Western Kentucky,Delaware,False,False,-0.12871667897710012,"frozen, as week 6",0.49619117520509076,
401871072,9,2026-10-27,Missouri State,Sam Houston,False,False,-0.024520016015610328,"frozen, as week 6",0.4992744204815137,
401871057,9,2026-10-28,New Mexico State,Jacksonville State,False,False,-8.715181217797214,"frozen, as week 6",0.2627787909338472,
401871058,9,2026-10-28,Middle Tennessee,Kennesaw State,False,False,-3.5704692776719695,"frozen, as week 6",0.3958900201351995,
401862812,9,2026-10-29,North Texas,Florida Atlantic,False,False,4.511695555149521,"frozen, as week 6",0.6304221795482345,
401869963,9,2026-10-29,James Madison,Troy,False,False,14.700125993686875,"frozen, as week 6",0.8506852184186102,
401856844,9,2026-10-30,UCF,Baylor,False,False,-6.531417378091542,"frozen, as week 6",0.3158103090464148,
401862813,9,2026-10-30,Charlotte,Tulane,False,False,-14.779404485272869,"frozen, as week 6",0.14812676736668012,
401866451,9,2026-10-30,Sacramento State,Kent State,False,False,2.4045445161129315,"frozen, as week 6",0.5706772231882004,
401856733,9,2026-10-31,Arkansas,Missouri,False,False,-17.737740451277293,"frozen, as week 6",0.10914214781752263,
401856734,9,2026-10-31,Georgia,Florida,True,False,17.640394006782337,"frozen, as week 6",0.8897324673435366,
401856735,9,2026-10-31,Ole Miss,Auburn,False,False,13.551167461267763,"frozen, as week 6",0.8325751072468729,
401856736,9,2026-10-31,Oklahoma,South Carolina,False,False,5.174746844401964,"frozen, as week 6",0.6485133106119381,
401856737,9,2026-10-31,Texas,Mississippi State,False,False,10.469854720059718,"frozen, as week 6",0.7754365641991204,
401856842,9,2026-10-31,Texas Tech,Arizona,False,False,4.294952985414771,"frozen, as week 6",0.6244251273125832,
401856843,9,2026-10-31,BYU,Arizona State,False,False,19.062058363276314,"frozen, as week 6",0.9051914677877343,
401856845,9,2026-10-31,TCU,Kansas,False,False,0.44444595099691203,"frozen, as week 6",0.5131487171033453,
401856846,9,2026-10-31,Colorado,Kansas State,False,False,-5.333560514979194,"frozen, as week 6",0.34721384856907156,
401856847,9,2026-10-31,Iowa State,Oklahoma State,False,False,-1.68617466694888,"frozen, as week 6",0.4502688125135691,
401856848,9,2026-10-31,Cincinnati,Utah,False,False,-13.793282165418734,"frozen, as week 6",0.16346812912616274,
401858277,9,2026-10-31,NC State,California,False,False,7.841116791358746,"frozen, as week 6",0.7166930039649293,
401858278,9,2026-10-31,Syracuse,SMU,False,False,-12.562655287401274,"frozen, as week 6",0.18437499378543745,
401858279,9,2026-10-31,Duke,Boston College,False,False,13.383839425593099,"frozen, as week 6",0.8297960815314313,
401858280,9,2026-10-31,Florida State,Clemson,False,False,0.6787184389139453,"frozen, as week 6",0.5200733902777116,
401858281,9,2026-10-31,Pittsburgh,Georgia Tech,False,False,8.240098563318416,"frozen, as week 6",0.7261830090294986,
401858282,9,2026-10-31,North Carolina,Miami,False,False,-16.033490713622093,"frozen, as week 6",0.13035658178903098,
401858283,9,2026-10-31,Louisville,Stanford,False,False,17.381401726837616,"frozen, as week 6",0.8866887519188299,
401858284,9,2026-10-31,Wake Forest,Virginia,False,False,10.349180141466391,"frozen, as week 6",0.7729394968704704,
401858501,9,2026-10-31,Indiana,Minnesota,False,False,16.911367415007042,"frozen, as week 6",0.8809775285915692,
401858502,9,2026-10-31,Iowa,Wisconsin,False,False,8.969656594469148,"frozen, as week 6",0.7430146115799191,
401858503,9,2026-10-31,Maryland,Illinois,False,False,-2.313539354292805,"frozen, as week 6",0.43196391800963757,
401858504,9,2026-10-31,Nebraska,Washington,False,False,8.296063565232208,"frozen, as week 6",0.7274982210088433,
401858505,9,2026-10-31,Oregon,Northwestern,False,False,8.780932303640142,"frozen, as week 6",0.7387261254648458,
401858506,9,2026-10-31,Penn State,Purdue,False,False,4.847765287836947,"frozen, as week 6",0.6396412483437044,
401858507,9,2026-10-31,Rutgers,Michigan,False,False,-13.479245733497825,"frozen, as week 6",0.168614919777998,
401858508,9,2026-10-31,UCLA,Nevada,False,False,26.663552290463052,"frozen, as week 6",0.9591460763563501,
401858509,9,2026-10-31,USC,Ohio State,False,False,-10.71383258324404,"frozen, as week 6",0.21957471082006227,
401859185,9,2026-10-31,Navy,Notre Dame,True,False,-25.580101628935335,"frozen, as week 6",0.04618575565385832,
401860908,9,2026-10-31,Boise State,Texas State,False,False,6.16117042217667,"frozen, as week 6",0.6746448504980763,
401860909,9,2026-10-31,San Diego State,Washington State,False,False,0.17190521372785816,"frozen, as week 6",0.5050867294038756,
401860910,9,2026-10-31,Utah State,Colorado State,False,False,3.247109725447991,"frozen, as week 6",0.5949206971454252,
401860924,9,2026-10-31,Fresno State,Oregon State,False,False,0.7551148019974001,"frozen, as week 6",0.522329992055565,
401861966,9,2026-10-31,Air Force,UConn,False,False,0.42987592728305346,"frozen, as week 6",0.5127178591370986,
401862814,9,2026-10-31,Memphis,Army,False,False,3.191844068607599,"frozen, as week 6",0.5933432775581557,
401862815,9,2026-10-31,East Carolina,Temple,False,False,11.443909764497796,"frozen, as week 6",0.7948745086978918,
401862816,9,2026-10-31,South Florida,UAB,False,False,9.225323826215623,"frozen, as week 6",0.7487503632420902,
401864529,9,2026-10-31,San José State,New Mexico,False,False,-15.759076911185325,"frozen, as week 6",0.13408317445180762,
401864530,9,2026-10-31,UNLV,Northern Illinois,False,False,18.91452924010343,"frozen, as week 6",0.903682211841639,
401864531,9,2026-10-31,North Dakota State,UTEP,False,False,18.120696079572653,"frozen, as week 6",0.8951877117421554,
401866452,9,2026-10-31,Western Michigan,Bowling Green,False,False,13.083863410023962,"frozen, as week 6",0.8247224203843972,
401869846,9,2026-10-31,Georgia Southern,App State,False,False,3.9933290718084717,"frozen, as week 6",0.6160159323429318,
401869944,9,2026-10-31,Georgia State,Coastal Carolina,False,False,12.67253474859412,"frozen, as week 6",0.8175728243727504,
401871059,9,2026-10-31,Liberty,Florida International,False,False,8.418163431984233,"frozen, as week 6",0.7303538903768289,
401871095,9,2026-10-31,UL Monroe,Southern Miss,False,False,-8.743813307315909,"frozen, as week 6",0.2621227720995663,
401871096,9,2026-10-31,Old Dominion,Marshall,False,False,1.0596411475434984,"frozen, as week 6",0.5313151552430769,
401871097,9,2026-10-31,South Alabama,Louisiana Tech,False,False,-2.3775515287425244,"frozen, as week 6",0.43010575144948077,
401866453,10,2026-11-03,Akron,Ohio,False,False,-11.120427047276737,"frozen, as week 6",0.21143901009887298,
401866454,10,2026-11-03,Miami (OH),Buffalo,False,False,8.688208904824453,"frozen, as week 6",0.7366022533883251,
401866455,10,2026-11-04,Massachusetts,Ball State,False,False,8.138880210960487,"frozen, as week 6",0.723794298303752,
401866456,10,2026-11-04,Eastern Michigan,Central Michigan,True,False,6.160587348705949,"frozen, as week 6",0.6746297014280628,
401866457,10,2026-11-04,Sacramento State,Toledo,False,False,-8.965138758122686,"frozen, as week 6",0.2570875099408368,
401862817,10,2026-11-05,Florida Atlantic,UTSA,False,False,-2.2102686530765827,"frozen, as week 6",0.4349657128174261,
401869964,10,2026-11-05,Southern Miss,James Madison,False,False,-13.217832494957463,"frozen, as week 6",0.17299711295309217,
401856855,10,2026-11-06,Arizona,TCU,False,False,10.127371278161194,"frozen, as week 6",0.768298740849696,
401858288,10,2026-11-06,SMU,Virginia Tech,False,False,5.222662766605374,"frozen, as week 6",0.6498050216547432,
401858510,10,2026-11-06,Illinois,Nebraska,False,False,-7.42702069783159,"frozen, as week 6",0.2933639314033144,
401862818,10,2026-11-06,East Carolina,South Florida,False,False,6.3055244739811895,"frozen, as week 6",0.6783840777828597,
401864533,10,2026-11-06,Nevada,New Mexico,False,False,-14.736762974204018,"frozen, as week 6",0.14876479095470377,
401856738,10,2026-11-07,Auburn,Arkansas,False,False,11.102043556717762,"frozen, as week 6",0.7881979573636864,
401856739,10,2026-11-07,Florida,Oklahoma,False,False,-0.7650779307259401,"frozen, as week 6",0.4773757814659323,
401856740,10,2026-11-07,LSU,Alabama,False,False,-4.1607477897244225,"frozen, as week 6",0.37930755374967545,
401856741,10,2026-11-07,Ole Miss,Georgia,False,False,-8.705363434370962,"frozen, as week 6",0.26300397923806473,
401856742,10,2026-11-07,Mississippi State,Vanderbilt,False,False,7.428507218051941,"frozen, as week 6",0.7066725424888732,
401856743,10,2026-11-07,Missouri,Texas,False,False,-0.6769158594503514,"frozen, as week 6",0.4799798647117172,
401856744,10,2026-11-07,South Carolina,Texas A&M,False,False,0.5774941369541337,"frozen, as week 6",0.5170821721549437,
401856745,10,2026-11-07,Tennessee,Kentucky,False,False,7.4226834116584035,"frozen, as week 6",0.7065296319405269,
401856849,10,2026-11-07,Utah,BYU,False,False,0.8588024042646958,"frozen, as week 6",0.525391249652597,
401856850,10,2026-11-07,Kansas,UCF,False,False,6.502693109001514,"frozen, as week 6",0.6834545882584582,
401856851,10,2026-11-07,Houston,Cincinnati,False,False,15.236070106286558,"frozen, as week 6",0.8585650636283854,
401856852,10,2026-11-07,Arizona State,Colorado,False,False,6.1599465034023035,"frozen, as week 6",0.6746130509432334,
401856853,10,2026-11-07,Baylor,Iowa State,False,False,10.389126656514764,"frozen, as week 6",0.7737682585004931,
401856854,10,2026-11-07,Kansas State,Oklahoma State,False,False,1.502179520088842,"frozen, as week 6",0.5443347566083948,
401856856,10,2026-11-07,Texas Tech,West Virginia,False,False,17.34586778857933,"frozen, as week 6",0.8862654810289706,
401858285,10,2026-11-07,Syracuse,Clemson,False,False,-6.21938194156985,"frozen, as week 6",0.32384457418338636,
401858286,10,2026-11-07,NC State,Duke,False,False,0.4676387205737719,"frozen, as week 6",0.5138345223327763,
401858287,10,2026-11-07,Georgia Tech,Louisville,False,False,-9.59711701810345,"frozen, as week 6",0.2430617687921128,
401858289,10,2026-11-07,Boston College,Florida State,False,False,-6.527899200079852,"frozen, as week 6",0.3159002957839613,
401858291,10,2026-11-07,Notre Dame,Miami,False,False,2.8515272702525696,"frozen, as week 6",0.5835884627895142,
401858292,10,2026-11-07,UConn,North Carolina,False,False,-5.869545891427182,"frozen, as week 6",0.332977065657881,
401858511,10,2026-11-07,Michigan,Michigan State,False,False,15.174920079568514,"frozen, as week 6",0.8576838568736463,
401858512,10,2026-11-07,Minnesota,UCLA,False,False,-4.603233620570144,"frozen, as week 6",0.3670569753660096,
401858513,10,2026-11-07,Northwestern,Iowa,False,False,-0.6954091375886174,"frozen, as week 6",0.4794335254179844,
401858514,10,2026-11-07,Ohio State,Oregon,False,False,10.016282150775497,"frozen, as week 6",0.765949739836724,
401858515,10,2026-11-07,Purdue,Maryland,False,False,4.416794076744587,"frozen, as week 6",0.6278011792214053,
401858516,10,2026-11-07,Washington,Penn State,False,False,1.1226867382941212,"frozen, as week 6",0.5331729977825456,
401858517,10,2026-11-07,Wisconsin,Rutgers,False,False,13.889081726739404,"frozen, as week 6",0.8380765735326379,
401860911,10,2026-11-07,Colorado State,Boise State,False,False,-16.18008811457759,"frozen, as week 6",0.12840207365151957,
401860912,10,2026-11-07,Oregon State,Texas State,False,False,0.788558182260697,"frozen, as week 6",0.5233175639265478,
401860913,10,2026-11-07,Utah State,Fresno State,False,False,-6.8192167002253665,"frozen, as week 6",0.3084962417329776,
401862819,10,2026-11-07,UAB,Charlotte,False,False,14.766208802130175,"frozen, as week 6",0.8516760341270467,
401862820,10,2026-11-07,Navy,Temple,False,False,2.8262039779439587,"frozen, as week 6",0.5828598736704184,
401862821,10,2026-11-07,North Texas,Rice,False,False,14.547519667492377,"frozen, as week 6",0.8483762568304298,
401862822,10,2026-11-07,Tulane,Tulsa,False,False,5.888187708254056,"frozen, as week 6",0.6675128346171628,
401862823,10,2026-11-07,Army,Air Force,False,False,5.049760641518443,"frozen, as week 6",0.645133738495941,
401864532,10,2026-11-07,UTEP,Hawai'i,False,False,-5.128468887725729,"frozen, as week 6",0.3527363120002603,
401864534,10,2026-11-07,San José State,Northern Illinois,False,False,8.061542998742604,"frozen, as week 6",0.7219605131550069,
401864535,10,2026-11-07,UNLV,Wyoming,False,False,13.01997489878993,"frozen, as week 6",0.8236265802713779,
401869927,10,2026-11-07,App State,Georgia State,False,False,-3.0454951583103407,"frozen, as week 6",0.41084311511138777,
401869936,10,2026-11-07,Arkansas State,UL Monroe,False,False,14.447197322197079,"frozen, as week 6",0.846842441144087,
401869945,10,2026-11-07,Coastal Carolina,Old Dominion,False,False,-0.36788707000676074,"frozen, as week 6",0.48911545003618995,
401869951,10,2026-11-07,Georgia Southern,Marshall,False,False,7.155290993181766,"frozen, as week 6",0.6999245234737123,
401869968,10,2026-11-07,Louisiana,South Alabama,False,False,4.434221478283727,"frozen, as week 6",0.6282830600941506,
401870795,10,2026-11-07,New Mexico State,Liberty,False,False,-14.362789888664365,"frozen, as week 6",0.15445787886581916,
401871073,10,2026-11-07,Kennesaw State,Delaware,False,False,2.497185298681884,"frozen, as week 6",0.5733617048782244,
401871074,10,2026-11-07,Florida International,Missouri State,False,False,8.323472593877952,"frozen, as week 6",0.7281409067769697,
401871075,10,2026-11-07,Jacksonville State,Sam Houston,False,False,11.78653209701605,"frozen, as week 6",0.8014078734860766,
401871076,10,2026-11-07,Middle Tennessee,Western Kentucky,False,False,-3.1217337486974586,"frozen, as week 6",0.40866061550872196,
401871098,10,2026-11-07,Troy,Louisiana Tech,False,False,-2.6791445925595934,"frozen, as week 6",0.42137830534453286,
401866458,11,2026-11-10,Akron,Western Michigan,False,False,-9.68846660490278,"frozen, as week 6",0.24107796301542717,
401866459,11,2026-11-10,Bowling Green,Kent State,False,False,2.3091134364501413,"frozen, as week 6",0.5679075335611392,
401866460,11,2026-11-10,Miami (OH),Ohio,False,False,0.34325484098787085,"frozen, as week 6",0.5101559722194227,
401866461,11,2026-11-11,Ball State,Buffalo,False,False,-0.5559667123626312,"frozen, as week 6",0.4835541369101021,
401866462,11,2026-11-11,Central Michigan,Sacramento State,False,False,5.877391383693423,"frozen, as week 6",0.6672291551397252,
401866463,11,2026-11-11,Toledo,Massachusetts,False,False,11.109563176656676,"frozen, as week 6",0.7883465079891244,
401862824,11,2026-11-12,South Florida,Memphis,False,False,-0.894916174310356,"frozen, as week 6",0.47354296886467245,
401869969,11,2026-11-12,UL Monroe,Louisiana,False,False,-16.381407578783325,"frozen, as week 6",0.12575875526612898,
401856860,11,2026-11-13,Colorado,Houston,False,False,-12.121163328142638,"frozen, as week 6",0.19236343976768241,
401858293,11,2026-11-13,Pittsburgh,Florida State,False,False,3.269047285798181,"frozen, as week 6",0.5955463086818339,
401858526,11,2026-11-13,UCLA,Illinois,False,False,12.995399717897033,"frozen, as week 6",0.8232036259203057,
401856857,11,2026-11-14,UCF,Arizona State,False,False,0.7577584153287977,"frozen, as week 6",0.5224080635322846,
401856858,11,2026-11-14,BYU,Baylor,False,False,11.701740810753526,"frozen, as week 6",0.7998057222588426,
401856859,11,2026-11-14,Iowa State,Cincinnati,False,False,2.5799166099787234,"frozen, as week 6",0.5757553933949552,
401856861,11,2026-11-14,West Virginia,Kansas,False,False,-2.1288624832348617,"frozen, as week 6",0.437335343054325,
401856862,11,2026-11-14,TCU,Kansas State,False,False,0.8884191814460956,"frozen, as week 6",0.5262653108400287,
401856863,11,2026-11-14,Oklahoma State,Texas Tech,False,False,-5.918137637500122,"frozen, as week 6",0.3317008503302524,
401856864,11,2026-11-14,Arizona,Utah,False,False,-2.2201750633826816,"frozen, as week 6",0.43467755027115,
401856882,11,2026-11-14,Arkansas,South Carolina,False,False,-8.541751796308601,"frozen, as week 6",0.26677492625488264,
401856883,11,2026-11-14,Georgia,Missouri,False,False,14.193857291348134,"frozen, as week 6",0.8429125805165375,
401856884,11,2026-11-14,Kentucky,Florida,False,False,0.10178163546904834,"frozen, as week 6",0.5030118181258095,
401856885,11,2026-11-14,LSU,Texas,False,False,2.2002272251591615,"frozen, as week 6",0.5647421523231615,
401856886,11,2026-11-14,Mississippi State,Auburn,False,False,6.77496991565207,"frozen, as week 6",0.6903853882769945,
401856887,11,2026-11-14,Oklahoma,Ole Miss,False,False,-4.194939566959698,"frozen, as week 6",0.3783551929437486,
401856888,11,2026-11-14,Texas A&M,Tennessee,False,False,-1.6101366842257385,"frozen, as week 6",0.45249760117385557,
401856889,11,2026-11-14,Vanderbilt,Alabama,False,False,-17.077248958186345,"frozen, as week 6",0.11697901211919759,
401858294,11,2026-11-14,Notre Dame,Boston College,False,False,26.02144197258552,"frozen, as week 6",0.9560617351316757,
401858295,11,2026-11-14,Virginia,California,False,False,7.2218192837062665,"frozen, as week 6",0.7015758281578744,
401858296,11,2026-11-14,Miami,Duke,False,False,17.01015491768402,"frozen, as week 6",0.8821981614269362,
401858297,11,2026-11-14,Clemson,Georgia Tech,False,False,6.850293908813008,"frozen, as week 6",0.6922879182412667,
401858298,11,2026-11-14,North Carolina,Louisville,False,False,-3.109719012801491,"frozen, as week 6",0.409004327531643,
401858299,11,2026-11-14,Virginia Tech,Stanford,False,False,13.089764027775521,"frozen, as week 6",0.8248233590849222,
401858300,11,2026-11-14,NC State,Syracuse,False,False,9.549923328270319,"frozen, as week 6",0.7559090111472551,
401858301,11,2026-11-14,SMU,Wake Forest,False,False,1.7614922135336988,"frozen, as week 6",0.5519368933183232,
401858518,11,2026-11-14,Indiana,USC,False,False,9.223863700977953,"frozen, as week 6",0.7487178488358107,
401858519,11,2026-11-14,Iowa,Purdue,False,False,14.789844808848166,"frozen, as week 6",0.8520291010691379,
401858520,11,2026-11-14,Maryland,Wisconsin,False,False,-6.776741333424808,"frozen, as week 6",0.30956979487996694,
401858521,11,2026-11-14,Michigan State,Washington,False,False,-2.2100498588451636,"frozen, as week 6",0.434972077708665,
401858522,11,2026-11-14,Ohio State,Northwestern,False,False,18.735419104042577,"frozen, as week 6",0.9018210534065383,
401858523,11,2026-11-14,Oregon,Michigan,False,False,8.739303569963088,"frozen, as week 6",0.7377739708274932,
401858524,11,2026-11-14,Penn State,Minnesota,False,False,0.2626184471647901,"frozen, as week 6",0.5077706049580654,
401858525,11,2026-11-14,Rutgers,Nebraska,False,False,-13.606132702055499,"frozen, as week 6",0.1665199607656565,
401860914,11,2026-11-14,Boise State,Oregon State,False,False,8.400517502154493,"frozen, as week 6",0.729942356623758,
401860915,11,2026-11-14,San Diego State,Utah State,False,False,0.372202722864943,"frozen, as week 6",0.5110121946652155,
401860916,11,2026-11-14,Texas State,Fresno State,False,False,3.4580326858747825,"frozen, as week 6",0.6009227121987669,
401860917,11,2026-11-14,Washington State,Colorado State,False,False,4.919069619128701,"frozen, as week 6",0.6415843605967109,
401861967,11,2026-11-14,UConn,James Madison,False,False,-7.592143129061862,"frozen, as week 6",0.28932869528599825,
401862825,11,2026-11-14,Charlotte,East Carolina,False,False,-17.21981848816254,"frozen, as week 6",0.11524711557200873,
401862826,11,2026-11-14,Tulsa,Florida Atlantic,False,False,-4.803446480344411,"frozen, as week 6",0.36156879636840167,
401862827,11,2026-11-14,UTSA,North Texas,False,False,5.164415081123101,"frozen, as week 6",0.6482345023648192,
401862828,11,2026-11-14,Rice,Tulane,False,False,-7.417962090184697,"frozen, as week 6",0.2935862545706681,
401862829,11,2026-11-14,Temple,UAB,False,False,4.133370857342394,"frozen, as week 6",0.6199292314160668,
401864536,11,2026-11-14,Northern Illinois,Nevada,False,False,-2.720183339562616,"frozen, as week 6",0.42019439488936366,
401864537,11,2026-11-14,Hawai'i,North Dakota State,False,False,-10.476105445710155,"frozen, as week 6",0.22443462514104504,
401864538,11,2026-11-14,Air Force,San José State,False,False,10.982597667840556,"frozen, as week 6",0.7858280730193087,
401864539,11,2026-11-14,New Mexico,UNLV,False,False,7.87328205641529,"frozen, as week 6",0.7174654061416209,
401864540,11,2026-11-14,UTEP,Wyoming,False,False,-5.412732029537001,"frozen, as week 6",0.3450928667731135,
401869928,11,2026-11-14,Marshall,App State,False,False,-0.6366862402055854,"frozen, as week 6",0.48116851539991307,
401869937,11,2026-11-14,Coastal Carolina,Arkansas State,False,False,-0.6134482707516451,"frozen, as week 6",0.48185521767334405,
401869952,11,2026-11-14,Georgia State,Georgia Southern,False,False,5.708810048785579,"frozen, as week 6",0.6627839530853356,
401870752,11,2026-11-14,Western Kentucky,Jacksonville State,False,False,-4.057614624525822,"frozen, as week 6",0.3821857857287967,
401870769,11,2026-11-14,Sam Houston,Kennesaw State,False,False,-1.262018904955739,"frozen, as week 6",0.4627244634347437,
401870796,11,2026-11-14,Missouri State,New Mexico State,False,False,1.6088803755866359,"frozen, as week 6",0.5474655582611097,
401871060,11,2026-11-14,Delaware,Florida International,False,False,1.4333892464430178,"frozen, as week 6",0.5423144468016409,
401871061,11,2026-11-14,Liberty,Middle Tennessee,False,False,16.56153799412706,"frozen, as week 6",0.8765667279586344,
401871099,11,2026-11-14,Louisiana Tech,Southern Miss,False,False,8.470782375316656,"frozen, as week 6",0.7315787044019862,
401871100,11,2026-11-14,South Alabama,Troy,False,False,0.6974478182723041,"frozen, as week 6",0.5206266994986305,
401866464,12,2026-11-17,Ohio,Ball State,False,False,15.32697385124239,"frozen, as week 6",0.8598666102943385,
401866465,12,2026-11-17,Western Michigan,Eastern Michigan,False,False,4.948656300032046,"frozen, as week 6",0.6423892677779574,
401866466,12,2026-11-17,Kent State,Miami (OH),False,False,-5.435807610496607,"frozen, as week 6",0.3444758330147782,
401866467,12,2026-11-18,Massachusetts,Akron,False,False,5.748755946902542,"frozen, as week 6",0.6638398998489526,
401866469,12,2026-11-18,Buffalo,Central Michigan,False,False,-0.3028638523892426,"frozen, as week 6",0.4910388137048644,
401862830,12,2026-11-19,Temple,Rice,False,False,7.54041743821748,"frozen, as week 6",0.7094107830207033,
401856869,12,2026-11-20,UCF,Iowa State,False,False,2.8282610254156877,"frozen, as week 6",0.5829190715618985,
401858303,12,2026-11-20,Duke,Clemson,False,False,2.720117057499397,"frozen, as week 6",0.5798036937021203,
401858529,12,2026-11-20,Michigan State,Oregon,False,False,-14.020670879352972,"frozen, as week 6",0.15982086635508927,
401864545,12,2026-11-20,Air Force,UTEP,False,False,17.890162254366988,"frozen, as week 6",0.8925996956494584,
401866468,12,2026-11-20,Toledo,Bowling Green,False,False,14.608481337911925,"frozen, as week 6",0.849302115937098,
401856748,12,2026-11-21,Florida,Vanderbilt,False,False,6.986018270785652,"frozen, as week 6",0.6956995711513152,
401856751,12,2026-11-21,Missouri,Kentucky,False,False,8.557420652072583,"frozen, as week 6",0.7335876974766975,
401856752,12,2026-11-21,Oklahoma,Texas A&M,False,False,4.567566222158364,"frozen, as week 6",0.6319616444870896,
401856753,12,2026-11-21,South Carolina,Georgia,False,False,-18.49240664611758,"frozen, as week 6",0.10075532938995731,
401856754,12,2026-11-21,Tennessee,LSU,False,False,-2.3915186624919262,"frozen, as week 6",0.42970056855863215,
401856755,12,2026-11-21,Texas,Arkansas,False,False,24.35957920672321,"frozen, as week 6",0.9470161979956024,
401856865,12,2026-11-21,Kansas State,Arizona,False,False,-4.913999126271474,"frozen, as week 6",0.3585536626853514,
401856866,12,2026-11-21,Kansas,BYU,False,False,-10.678709294958225,"frozen, as week 6",0.22028795685842156,
401856867,12,2026-11-21,Cincinnati,Colorado,False,False,5.795486313617013,"frozen, as week 6",0.6650731147509426,
401856868,12,2026-11-21,West Virginia,Houston,False,False,-13.347398798847268,"frozen, as week 6",0.17081397332408554,
401856870,12,2026-11-21,Arizona State,Oklahoma State,False,False,-1.0451878116840907,"frozen, as week 6",0.4691108833404593,
401856871,12,2026-11-21,Baylor,Texas Tech,False,False,-2.6282900146616757,"frozen, as week 6",0.42284664243864845,
401856872,12,2026-11-21,TCU,Utah,False,False,-9.890257228302643,"frozen, as week 6",0.2367350399069497,
401858302,12,2026-11-21,Miami,Virginia Tech,False,False,17.736297475983193,"frozen, as week 6",0.89084124433461,
401858304,12,2026-11-21,Florida State,NC State,False,False,2.694781707842422,"frozen, as week 6",0.5790729109417522,
401858305,12,2026-11-21,Virginia,North Carolina,False,False,0.4799909243854561,"frozen, as week 6",0.5141997532590755,
401858306,12,2026-11-21,Louisville,Pittsburgh,False,False,4.265600549017058,"frozen, as week 6",0.6236099858908172,
401858307,12,2026-11-21,Notre Dame,SMU,False,False,17.624963747583234,"frozen, as week 6",0.889553153424094,
401858308,12,2026-11-21,California,Stanford,False,False,5.594267372488134,"frozen, as week 6",0.6597470915668648,
401858309,12,2026-11-21,Boston College,Syracuse,False,False,0.5426013739097838,"frozen, as week 6",0.5160507825510506,
401858310,12,2026-11-21,Georgia Tech,Wake Forest,False,False,-10.948309392546298,"frozen, as week 6",0.21485578159723132,
401858527,12,2026-11-21,Illinois,Iowa,False,False,-12.743891803082017,"frozen, as week 6",0.18117082303128434,
401858528,12,2026-11-21,Michigan,UCLA,False,False,0.7491634250097362,"frozen, as week 6",0.5221542313554605,
401858530,12,2026-11-21,Minnesota,Northwestern,False,False,-0.8049733175456155,"frozen, as week 6",0.4761977688206157,
401858531,12,2026-11-21,Nebraska,Ohio State,False,False,-14.22159510506803,"frozen, as week 6",0.15665317764421008,
401858532,12,2026-11-21,Penn State,Rutgers,False,False,11.345269119418276,"frozen, as week 6",0.7929642529820526,
401858533,12,2026-11-21,Purdue,Wisconsin,False,False,-3.708191957431386,"frozen, as week 6",0.3919980047576292,
401858534,12,2026-11-21,USC,Maryland,False,False,17.674251791125908,"frozen, as week 6",0.8901250325651104,
401858535,12,2026-11-21,Washington,Indiana,False,False,-14.70564876614812,"frozen, as week 6",0.1492317671039492,
401860918,12,2026-11-21,Fresno State,Colorado State,False,False,11.634255437161105,"frozen, as week 6",0.7985236592270338,
401860919,12,2026-11-21,Oregon State,Utah State,False,False,11.566507608990776,"frozen, as week 6",0.7972304454117435,
401860920,12,2026-11-21,Texas State,Washington State,False,False,10.268761900264291,"frozen, as week 6",0.7712645820615202,
401860925,12,2026-11-21,Boise State,San Diego State,False,False,19.273865522896724,"frozen, as week 6",0.907321278825542,
401861968,12,2026-11-21,UConn,Old Dominion,False,False,7.172915157235059,"frozen, as week 6",0.7003624825755247,
401862831,12,2026-11-21,Army,East Carolina,False,False,-1.55735259044618,"frozen, as week 6",0.45404590945815043,
401862832,12,2026-11-21,Tulsa,Charlotte,False,False,14.876376799592869,"frozen, as week 6",0.8533157650109827,
401862833,12,2026-11-21,Florida Atlantic,South Florida,False,False,2.87131528852542,"frozen, as week 6",0.5841575398746871,
401862834,12,2026-11-21,Navy,Memphis,False,False,-3.1702785751869236,"frozen, as week 6",0.407272779870102,
401862835,12,2026-11-21,Tulane,North Texas,False,False,-0.26018077632644476,"frozen, as week 6",0.4923015117170289,
401862836,12,2026-11-21,UAB,UTSA,False,False,-12.343792053309862,"frozen, as week 6",0.188302628179057,
401864541,12,2026-11-21,Nevada,Hawai'i,False,False,2.2079243456006123,"frozen, as week 6",0.5649660883728226,
401864542,12,2026-11-21,Wyoming,New Mexico,False,False,-13.28282598768904,"frozen, as week 6",0.17189925277531748,
401864543,12,2026-11-21,North Dakota State,Northern Illinois,False,False,18.532865484595895,"frozen, as week 6",0.8996777360091625,
401864544,12,2026-11-21,San José State,UNLV,False,False,-10.201841247923694,"frozen, as week 6",0.23013582223326767,
401869929,12,2026-11-21,App State,UL Monroe,False,False,16.69534228344852,"frozen, as week 6",0.8782701425552302,
401869938,12,2026-11-21,Louisiana Tech,Arkansas State,False,False,7.4639091253828935,"frozen, as week 6",0.7075403942971004,
401869946,12,2026-11-21,Louisiana,Coastal Carolina,False,False,9.048689204590914,"frozen, as week 6",0.7447967742250209,
401869953,12,2026-11-21,Troy,Georgia Southern,False,False,-0.28128683547858635,"frozen, as week 6",0.4916771156283256,
401869958,12,2026-11-21,Marshall,Georgia State,False,False,-6.418119407272165,"frozen, as week 6",0.3187151146189073,
401871077,12,2026-11-21,New Mexico State,Delaware,False,False,-4.438811190368265,"frozen, as week 6",0.3715900732676168,
401871078,12,2026-11-21,Kennesaw State,Florida International,False,False,-0.1606878447351296,"frozen, as week 6",0.4952451753664745,
401871079,12,2026-11-21,Jacksonville State,Missouri State,False,False,12.899223304183534,"frozen, as week 6",0.8215407114080835,
401871080,12,2026-11-21,Liberty,Western Kentucky,False,False,13.358112326307571,"frozen, as week 6",0.8293655624938271,
401871081,12,2026-11-21,Sam Houston,Middle Tennessee,False,False,4.5906643576644655,"frozen, as week 6",0.6325973095742848,
401871101,12,2026-11-21,Southern Miss,South Alabama,False,False,-0.46967298512873173,"frozen, as week 6",0.4861053273474056,
401866470,13,2026-11-24,Eastern Michigan,Kent State,False,False,11.44086886026968,"frozen, as week 6",0.794815814982716,
401866471,13,2026-11-24,Western Michigan,Miami (OH),False,False,4.105451877597819,"frozen, as week 6",0.6191502942089526,
401856879,13,2026-11-26,Texas Tech,TCU,False,False,12.299363205055247,"frozen, as week 6",0.8108922685332494,
401856756,13,2026-11-27,Texas A&M,Texas,False,False,-9.939541455610001,"frozen, as week 6",0.2356825869579173,
401856759,13,2026-11-27,Florida State,Florida,False,False,-4.501150009730857,"frozen, as week 6",0.36986869226835634,
401856762,13,2026-11-27,Ole Miss,Mississippi State,False,False,6.666299389104985,"frozen, as week 6",0.6876292042254595,
401856880,13,2026-11-27,Utah,West Virginia,False,False,18.790971300188627,"frozen, as week 6",0.9024017068568017,
401858536,13,2026-11-27,Iowa,Nebraska,False,False,5.654623105472646,"frozen, as week 6",0.6613489540324716,
401858544,13,2026-11-27,Wisconsin,Minnesota,False,False,3.978630890826773,"frozen, as week 6",0.6156043271370794,
401862837,13,2026-11-27,East Carolina,Florida Atlantic,False,False,4.040678254554234,"frozen, as week 6",0.6173407581248809,
401862838,13,2026-11-27,Memphis,Temple,False,False,10.216394128001332,"frozen, as week 6",0.770169226976523,
401862839,13,2026-11-27,South Florida,Tulane,False,False,3.0384848278230323,"frozen, as week 6",0.5889560208777724,
401864549,13,2026-11-27,San José State,North Dakota State,False,False,-9.291041127267848,"frozen, as week 6",0.24978912498854008,
401866472,13,2026-11-27,Akron,Buffalo,False,False,0.7738036672164413,"frozen, as week 6",0.522881890032,
401866473,13,2026-11-27,Ohio,Toledo,False,False,-0.9444365727050341,"frozen, as week 6",0.4720819277846848,
401869930,13,2026-11-27,South Alabama,App State,False,False,0.40461578347631066,"frozen, as week 6",0.5119708334921564,
401856757,13,2026-11-28,Alabama,Auburn,False,False,20.81381934629101,"frozen, as week 6",0.9215528422289858,
401856758,13,2026-11-28,Arkansas,LSU,False,False,-18.400540383678557,"frozen, as week 6",0.10174482009290414,
401856760,13,2026-11-28,Georgia,Georgia Tech,False,False,27.366759657938587,"frozen, as week 6",0.9622858393738077,
401856761,13,2026-11-28,Kentucky,Louisville,False,False,1.9111053532277342,"frozen, as week 6",0.5563122383931419,
401856763,13,2026-11-28,Missouri,Oklahoma,False,False,5.2249744039513955,"frozen, as week 6",0.6498672831343923,
401856764,13,2026-11-28,Clemson,South Carolina,False,False,-1.3550857374034346,"frozen, as week 6",0.45998694951029534,
401856765,13,2026-11-28,Vanderbilt,Tennessee,False,False,-7.366820755619431,"frozen, as week 6",0.2948432483821349,
401856873,13,2026-11-28,Arizona,Arizona State,False,False,11.947542846297434,"frozen, as week 6",0.8044236172046519,
401856874,13,2026-11-28,Houston,Baylor,False,False,6.2266313396504485,"frozen, as week 6",0.6763432900070053,
401856875,13,2026-11-28,Colorado,UCF,False,False,-1.4878949941920567,"frozen, as week 6",0.4560846495606327,
401856876,13,2026-11-28,BYU,Cincinnati,False,False,17.355839613338148,"frozen, as week 6",0.8863844016919785,
401856877,13,2026-11-28,Oklahoma State,Kansas,False,False,1.2854404845482743,"frozen, as week 6",0.537964688714122,
401856878,13,2026-11-28,Iowa State,Kansas State,False,False,-1.7487741979526108,"frozen, as week 6",0.4484354181373697,
401858311,13,2026-11-28,Miami,Boston College,False,False,20.45805027803308,"frozen, as week 6",0.9184539699707142,
401858312,13,2026-11-28,Wake Forest,Duke,False,False,7.299625530945574,"frozen, as week 6",0.7035004220082999,
401858313,13,2026-11-28,North Carolina,NC State,False,False,2.8270962205828902,"frozen, as week 6",0.582885551000307,
401858314,13,2026-11-28,Syracuse,Notre Dame,False,False,-21.8751865469435,"frozen, as week 6",0.06983257772376544,
401858315,13,2026-11-28,California,Pittsburgh,False,False,-7.656685589636624,"frozen, as week 6",0.2877603927328066,
401858316,13,2026-11-28,Stanford,SMU,False,False,-15.008846270017427,"frozen, as week 6",0.14473247951314774,
401858317,13,2026-11-28,Virginia Tech,Virginia,False,False,5.78977866068812,"frozen, as week 6",0.6649226100932277,
401858537,13,2026-11-28,Northwestern,Illinois,False,False,10.250292066754596,"frozen, as week 6",0.7708786758198752,
401858538,13,2026-11-28,Indiana,Purdue,False,False,18.7423937688061,"frozen, as week 6",0.9018941239891122,
401858539,13,2026-11-28,Maryland,Penn State,False,False,-3.6112509336384395,"frozen, as week 6",0.3947361393575778,
401858540,13,2026-11-28,Ohio State,Michigan,False,False,16.040737205054445,"frozen, as week 6",0.8697406232598069,
401858541,13,2026-11-28,Oregon,Washington,False,False,17.98747525192966,"frozen, as week 6",0.8936989377650939,
401858542,13,2026-11-28,Rutgers,Michigan State,False,False,-0.409389628348755,"frozen, as week 6",0.48788798399316086,
401858543,13,2026-11-28,UCLA,USC,False,False,-0.08881258440548273,"frozen, as week 6",0.49737194119332895,
401861969,13,2026-11-28,Wyoming,UConn,False,False,-9.309798488895932,"frozen, as week 6",0.24937329881391407,
401862840,13,2026-11-28,UTSA,Tulsa,False,False,13.677646228050275,"frozen, as week 6",0.8346515531843417,
401862841,13,2026-11-28,Rice,Army,False,False,-7.590673006599009,"frozen, as week 6",0.2893644764351144,
401862842,13,2026-11-28,Charlotte,Navy,False,False,-12.44321927382685,"frozen, as week 6",0.18651043348612162,
401862843,13,2026-11-28,North Texas,UAB,False,False,11.246793098184,"frozen, as week 6",0.7910441052209728,
401864546,13,2026-11-28,New Mexico,Air Force,False,False,11.102373149748269,"frozen, as week 6",0.7882044700947926,
401864547,13,2026-11-28,Hawai'i,Sacramento State,False,False,4.255960147093744,"frozen, as week 6",0.6233421109608076,
401864548,13,2026-11-28,UNLV,Nevada,False,False,15.265010719125348,"frozen, as week 6",0.8589805230970101,
401864550,13,2026-11-28,Northern Illinois,UTEP,False,False,3.028581308958906,"frozen, as week 6",0.5886722090493518,
401866474,13,2026-11-28,Ball State,Central Michigan,False,False,-3.173001726213877,"frozen, as week 6",0.407194971993608,
401866475,13,2026-11-28,Bowling Green,Massachusetts,False,False,-2.5996095377779826,"frozen, as week 6",0.42367534444501836,
401869939,13,2026-11-28,Arkansas State,Troy,False,False,-0.7162155758521592,"frozen, as week 6",0.4788189082560978,
401869947,13,2026-11-28,James Madison,Coastal Carolina,False,False,18.038346490237913,"frozen, as week 6",0.8942696222705199,
401869954,13,2026-11-28,Georgia Southern,Louisiana Tech,False,False,-0.6575420778810397,"frozen, as week 6",0.4805522676943978,
401869959,13,2026-11-28,Georgia State,Louisiana,False,False,4.1027874619430875,"frozen, as week 6",0.6190759251026402,
401870804,13,2026-11-28,Western Kentucky,Kennesaw State,False,False,0.9165215837372468,"frozen, as week 6",0.5270945305136048,
401871062,13,2026-11-28,Delaware,Jacksonville State,False,False,-1.6598923379665855,"frozen, as week 6",0.45103896637355645,
401871063,13,2026-11-28,Missouri State,Liberty,False,False,-13.26227358460621,"frozen, as week 6",0.17224582272245798,
401871082,13,2026-11-28,Florida International,Sam Houston,False,False,8.411155697753207,"frozen, as week 6",0.7301905051990678,
401871083,13,2026-11-28,Middle Tennessee,New Mexico State,False,False,1.0837339347838904,"frozen, as week 6",0.5320252325693265,
401871102,13,2026-11-28,UL Monroe,Marshall,False,False,-8.396945966921349,"frozen, as week 6",0.2701409859199562,
401871103,13,2026-11-28,Old Dominion,Southern Miss,False,False,4.076910463568797,"frozen, as week 6",0.618353356838189,
401862844,15,2026-12-12,Army,Navy,True,False,5.57727986038157,"frozen, as week 6",0.6592955756687037,
