MR_Rank,as_of,team,conference,MR_Score,Exp_Wins_pct,neutral_margin_vs_average,elo,mov_elo,games_played
1,2026-10-09,Georgia,SEC,2.8762,91.04,21.789390286163414,1932.0,2015.0,5
2,2026-10-09,Alabama,SEC,2.8468,90.85,21.724231178045397,1899.0,1990.0,5
3,2026-10-09,Ohio State,Big Ten,2.7751,90.28,21.46035022502276,1878.0,1977.0,5
4,2026-10-09,Notre Dame,FBS Independents,2.7691,89.76,20.70826356908145,1842.0,1931.0,5
5,2026-10-09,Miami,ACC,2.6326,87.66,19.111993193648853,1880.0,1965.0,5
6,2026-10-09,Texas,SEC,2.5629,87.37,19.155897776366213,1928.0,1955.0,4
7,2026-10-09,Indiana,Big Ten,2.5277,86.27,17.856962792067993,1972.0,2036.0,5
8,2026-10-09,LSU,SEC,2.3405,84.48,17.192929018035386,1737.0,1843.0,5
9,2026-10-09,Oregon,Big Ten,2.3291,84.63,17.742917812765032,1831.0,1871.0,4
10,2026-10-09,BYU,Big 12,2.176,82.32,16.06741914241568,1796.0,1840.0,4
11,2026-10-09,Ole Miss,SEC,2.121,80.85,14.698299907505232,1835.0,1855.0,4
12,2026-10-09,Missouri,SEC,2.0727,80.7,15.004737361788798,1729.0,1840.0,5
13,2026-10-09,Utah,Big 12,2.0652,80.28,14.624885872116351,1780.0,1877.0,4
14,2026-10-09,Tennessee,SEC,1.9192,78.12,13.644112764177281,1730.0,1824.0,5
15,2026-10-09,USC,Big Ten,1.9065,77.93,13.287568874389995,1736.0,1784.0,6
16,2026-10-09,Texas Tech,Big 12,1.8737,77.53,13.387194812576723,1791.0,1856.0,5
17,2026-10-09,Florida,SEC,1.8464,77.16,12.94732035641742,1702.0,1771.0,5
18,2026-10-09,Oklahoma,SEC,1.8237,75.69,12.038200969464619,1735.0,1774.0,4
19,2026-10-09,Mississippi State,SEC,1.818,76.46,12.67567393408668,1686.0,1758.0,5
20,2026-10-09,Iowa,Big Ten,1.7386,74.8,11.695802972297162,1782.0,1813.0,5
21,2026-10-09,UCLA,Big Ten,1.7286,74.96,11.854235931083261,1654.0,1757.0,4
22,2026-10-09,Houston,Big 12,1.7056,73.96,11.28791073158949,1669.0,1720.0,5
23,2026-10-09,Texas A&M,SEC,1.6956,73.64,11.141338387280726,1703.0,1760.0,5
24,2026-10-09,Michigan,Big Ten,1.6847,73.61,11.101477294270985,1696.0,1756.0,5
25,2026-10-09,Nebraska,Big Ten,1.6582,73.5,10.944809526608115,1676.0,1760.0,5
26,2026-10-09,SMU,ACC,1.6245,73.37,11.210232231555375,1670.0,1742.0,5
27,2026-10-09,Northwestern,Big Ten,1.5725,70.65,9.253681471708436,1681.0,1763.0,4
28,2026-10-09,Arizona,Big 12,1.5701,71.21,9.750682620899498,1678.0,1768.0,5
29,2026-10-09,Kentucky,SEC,1.5127,70.0,9.0700989976708,1697.0,1756.0,5
30,2026-10-09,Pittsburgh,ACC,1.4875,69.4,8.907449702964106,1673.0,1726.0,5
31,2026-10-09,Baylor,Big 12,1.4836,69.87,9.270298083069887,1605.0,1721.0,5
32,2026-10-09,Wake Forest,ACC,1.4828,69.21,8.678183652415548,1685.0,1731.0,5
33,2026-10-09,Virginia Tech,ACC,1.4416,68.44,8.381779539862645,1550.0,1652.0,5
34,2026-10-09,Vanderbilt,SEC,1.4264,67.95,8.247941340034892,1709.0,1783.0,5
35,2026-10-09,Wisconsin,Big Ten,1.4099,67.59,8.00109863745547,1663.0,1725.0,5
36,2026-10-09,Louisville,ACC,1.3903,67.48,7.921186184583063,1560.0,1685.0,5
37,2026-10-09,Duke,ACC,1.366,66.07,7.154211200526414,1777.0,1808.0,4
38,2026-10-09,Auburn,SEC,1.3635,66.64,7.577735722599264,1614.0,1690.0,5
39,2026-10-09,Minnesota,Big Ten,1.3269,65.4,6.979579702305942,1721.0,1736.0,5
40,2026-10-09,Washington,Big Ten,1.305,65.34,7.04671101619222,1625.0,1716.0,5
41,2026-10-09,Kansas State,Big 12,1.294,65.64,7.211432226868583,1597.0,1689.0,4
42,2026-10-09,Clemson,ACC,1.2793,63.14,5.794731569872719,1643.0,1687.0,5
43,2026-10-09,South Carolina,SEC,1.2574,64.25,6.523328909415918,1525.0,1627.0,5
44,2026-10-09,Penn State,Big Ten,1.2554,64.02,6.324782082005661,1626.0,1699.0,5
45,2026-10-09,NC State,ACC,1.2537,64.1,6.295896057186345,1612.0,1669.0,5
46,2026-10-09,Florida State,ACC,1.2458,63.66,6.006139804837359,1510.0,1645.0,5
47,2026-10-09,Boise State,Pac-12,1.1962,62.65,5.546463235724251,1584.0,1653.0,5
48,2026-10-09,James Madison,Sun Belt,1.1595,60.79,4.5317803236650835,1651.0,1732.0,5
49,2026-10-09,Kansas,Big 12,1.1526,60.14,4.540998068639933,1464.0,1540.0,4
50,2026-10-09,TCU,Big 12,1.0934,59.67,4.464443038638783,1550.0,1605.0,5
51,2026-10-09,Oklahoma State,Big 12,1.0766,58.69,3.900124721395114,1461.0,1578.0,4
52,2026-10-09,North Carolina,ACC,1.0419,57.21,3.085662397189107,1483.0,1543.0,4
53,2026-10-09,Virginia,ACC,1.038,57.81,3.474472715447142,1576.0,1604.0,5
54,2026-10-09,UCF,Big 12,1.0253,56.64,3.009610267336694,1503.0,1585.0,5
55,2026-10-09,UTSA,American Athletic,1.002,56.62,2.8249021784409707,1554.0,1628.0,6
56,2026-10-09,Illinois,Big Ten,0.9775,55.9,2.478446593213702,1583.0,1608.0,5
57,2026-10-09,Arizona State,Big 12,0.9606,55.1,2.1851064652827348,1570.0,1575.0,4
58,2026-10-09,New Mexico,Mountain West,0.9539,54.48,1.8002322585270465,1493.0,1571.0,5
59,2026-10-09,Purdue,Big Ten,0.9538,55.0,2.0816952319560973,1462.0,1554.0,5
60,2026-10-09,Iowa State,Big 12,0.9485,54.83,2.0489222069903175,1616.0,1659.0,5
61,2026-10-09,Cincinnati,Big 12,0.9043,52.94,1.077299172289711,1583.0,1628.0,5
62,2026-10-09,Texas State,Pac-12,0.8763,51.19,0.29801101654368467,1377.0,1517.0,5
63,2026-10-09,Michigan State,Big Ten,0.8682,50.97,0.3868750603856217,1477.0,1522.0,5
64,2026-10-09,East Carolina,American Athletic,0.856,51.7,0.52058860828116,1492.0,1538.0,4
65,2026-10-09,Maryland,Big Ten,0.8373,49.44,-0.23296521240886506,1426.0,1486.0,5
66,2026-10-09,West Virginia,Big 12,0.8197,49.63,-0.39692700638242273,1498.0,1548.0,5
67,2026-10-09,North Texas,American Athletic,0.8169,48.95,-0.7610310580593859,1525.0,1559.0,5
68,2026-10-09,Arkansas,SEC,0.8,49.6,-0.307882868116352,1490.0,1573.0,5
69,2026-10-09,Colorado,Big 12,0.7786,46.55,-1.5431927951352358,1452.0,1460.0,5
70,2026-10-09,Syracuse,ACC,0.7674,47.05,-1.4048145926962379,1434.0,1441.0,4
71,2026-10-09,Toledo,Mid-American,0.7578,47.84,-1.13450157882229,1442.0,1529.0,5
72,2026-10-09,Fresno State,Pac-12,0.7445,46.48,-1.7688274191985394,1529.0,1610.0,5
73,2026-10-09,North Dakota State,Mountain West,0.7339,45.82,-1.9780855666158272,1514.0,1557.0,5
74,2026-10-09,Georgia Tech,ACC,0.7319,46.87,-1.6430664623698295,1465.0,1543.0,4
75,2026-10-09,Georgia State,Sun Belt,0.7262,46.24,-1.9900393300374077,1331.0,1457.0,5
76,2026-10-09,Liberty,Conference USA,0.7256,46.91,-1.6445574904404472,1394.0,1492.0,6
77,2026-10-09,Florida Atlantic,American Athletic,0.7251,45.74,-2.190282346379608,1411.0,1492.0,5
78,2026-10-09,California,ACC,0.7194,44.65,-2.435742854261715,1441.0,1457.0,5
79,2026-10-09,Oregon State,Pac-12,0.717,45.62,-2.201273693283799,1302.0,1425.0,5
80,2026-10-09,Tulane,American Athletic,0.6898,44.09,-2.855257832156583,1547.0,1567.0,4
81,2026-10-09,Memphis,American Athletic,0.6893,45.6,-2.3783003351002043,1492.0,1526.0,5
82,2026-10-09,Army,American Athletic,0.6828,42.67,-3.493159090506193,1399.0,1506.0,4
83,2026-10-09,Boston College,ACC,0.681,41.92,-3.6323995838499608,1405.0,1474.0,5
84,2026-10-09,Louisiana Tech,Sun Belt,0.6712,42.83,-3.3869636566043804,1384.0,1421.0,4
85,2026-10-09,UNLV,Mountain West,0.6598,43.11,-3.301154781448876,1491.0,1538.0,5
86,2026-10-09,Rutgers,Big Ten,0.6594,42.64,-3.493813100667885,1416.0,1454.0,5
87,2026-10-09,Louisiana,Sun Belt,0.6445,41.88,-3.7976900253560846,1454.0,1498.0,5
88,2026-10-09,Stanford,ACC,0.6256,42.19,-3.7586234091105792,1497.0,1537.0,5
89,2026-10-09,South Florida,American Athletic,0.6162,43.01,-3.588616689019855,1445.0,1519.0,6
90,2026-10-09,Air Force,Mountain West,0.5604,37.77,-5.716680216111583,1387.0,1436.0,4
91,2026-10-09,Georgia Southern,Sun Belt,0.5591,38.8,-5.383733980851776,1374.0,1421.0,5
92,2026-10-09,App State,Sun Belt,0.5523,38.2,-5.601344212185135,1371.0,1418.0,4
93,2026-10-09,UConn,FBS Independents,0.5405,38.67,-5.552639568599135,1331.0,1437.0,5
94,2026-10-09,Western Michigan,Mid-American,0.5392,37.28,-6.014035765607682,1455.0,1485.0,5
95,2026-10-09,Ohio,Mid-American,0.5143,36.21,-6.568480963131504,1436.0,1462.0,5
96,2026-10-09,Jacksonville State,Conference USA,0.5122,36.73,-6.408938470028121,1435.0,1431.0,6
97,2026-10-09,Tulsa,American Athletic,0.511,34.92,-6.9949902560827075,1310.0,1384.0,5
98,2026-10-09,Temple,American Athletic,0.5045,36.15,-6.667052647279077,1328.0,1420.0,5
99,2026-10-09,Troy,Sun Belt,0.4981,35.61,-6.840810119470432,1368.0,1416.0,5
100,2026-10-09,Marshall,Sun Belt,0.4925,33.6,-7.620609801340751,1396.0,1445.0,5
101,2026-10-09,Navy,American Athletic,0.4854,33.44,-7.6583720575574485,1400.0,1445.0,4
102,2026-10-09,Florida International,Conference USA,0.4631,31.88,-8.391091815103026,1327.0,1404.0,5
103,2026-10-09,Washington State,Pac-12,0.4621,31.34,-8.576045511458405,1314.0,1391.0,5
104,2026-10-09,Eastern Michigan,Mid-American,0.461,32.71,-8.14575478263301,1275.0,1388.0,6
105,2026-10-09,South Alabama,Sun Belt,0.4598,33.3,-8.011558601798708,1417.0,1473.0,6
106,2026-10-09,Miami (OH),Mid-American,0.4496,32.05,-8.479672532911161,1284.0,1336.0,5
107,2026-10-09,UAB,American Athletic,0.442,31.64,-8.649315384357937,1363.0,1408.0,5
108,2026-10-09,Utah State,Pac-12,0.4376,29.71,-9.325829962319244,1286.0,1354.0,5
109,2026-10-09,San Diego State,Pac-12,0.4269,30.75,-9.110031266014989,1376.0,1415.0,5
110,2026-10-09,Old Dominion,Sun Belt,0.4254,28.4,-9.876639790529744,1341.0,1373.0,5
111,2026-10-09,Arkansas State,Sun Belt,0.425,30.3,-9.28585724453688,1325.0,1359.0,6
112,2026-10-09,Southern Miss,Sun Belt,0.4139,27.58,-10.278706760954217,1225.0,1253.0,5
113,2026-10-09,Delaware,Conference USA,0.4125,28.52,-9.968020410290263,1307.0,1331.0,5
114,2026-10-09,Colorado State,Pac-12,0.3859,26.24,-11.011281063896616,1207.0,1265.0,5
115,2026-10-09,Western Kentucky,Conference USA,0.3819,26.33,-11.02065431426621,1309.0,1319.0,6
116,2026-10-09,Kennesaw State,Conference USA,0.3759,26.65,-10.998108761524552,1251.0,1302.0,5
117,2026-10-09,Central Michigan,Mid-American,0.3603,25.85,-11.434290973820916,1331.0,1400.0,5
118,2026-10-09,Massachusetts,Mid-American,0.3592,25.48,-11.59516362337203,1168.0,1280.0,5
119,2026-10-09,Sacramento State,Mid-American,0.3424,21.18,-13.256832394616506,1215.0,1204.0,5
120,2026-10-09,Rice,American Athletic,0.336,24.27,-12.267002323075165,1243.0,1311.0,5
121,2026-10-09,San José State,Mountain West,0.3266,24.81,-12.247761064692353,1322.0,1350.0,5
122,2026-10-09,Coastal Carolina,Sun Belt,0.3166,22.3,-13.214159509878979,1200.0,1258.0,5
123,2026-10-09,Sam Houston,Conference USA,0.3139,21.4,-13.569873190181957,1159.0,1197.0,5
124,2026-10-09,Hawai'i,Mountain West,0.3079,21.38,-13.645480123717062,1265.0,1299.0,5
125,2026-10-09,Kent State,Mid-American,0.3011,20.4,-14.06531025734649,1223.0,1304.0,5
126,2026-10-09,Wyoming,Mountain West,0.2993,20.95,-13.922218816345064,1241.0,1308.0,5
127,2026-10-09,Akron,Mid-American,0.2918,19.36,-14.639643054584253,1176.0,1214.0,5
128,2026-10-09,Missouri State,Conference USA,0.286,19.18,-14.765237291601036,1225.0,1239.0,5
129,2026-10-09,Middle Tennessee,Conference USA,0.2775,18.74,-15.065321168067072,1195.0,1245.0,5
130,2026-10-09,New Mexico State,Conference USA,0.2766,19.11,-14.940618012349256,1182.0,1251.0,6
131,2026-10-09,Nevada,Mountain West,0.2721,18.54,-15.244002151383071,1144.0,1243.0,4
132,2026-10-09,Ball State,Mid-American,0.2491,15.9,-16.62860129662157,1121.0,1159.0,5
133,2026-10-09,Northern Illinois,Mountain West,0.2474,15.39,-16.832242985263438,1078.0,1167.0,4
134,2026-10-09,Buffalo,Mid-American,0.2467,16.34,-16.504553189559825,1196.0,1255.0,5
135,2026-10-09,UTEP,Mountain West,0.2428,14.86,-17.149969929910956,1094.0,1159.0,5
136,2026-10-09,Bowling Green,Mid-American,0.2405,16.15,-16.665556804478378,1159.0,1220.0,5
137,2026-10-09,Charlotte,American Athletic,0.2397,13.85,-17.568462866691235,1089.0,1157.0,5
138,2026-10-09,UL Monroe,Sun Belt,0.2259,12.87,-18.309012936816835,1075.0,1150.0,5
